id_personaje,cid,id_categoria,id_creador,nombre,descripcion_corta,avatar_url,publico,clasificacion_contenido,estado_moderacion,fecha_creacion,es_oficial,genero,tags,fecha_eliminacion,motivo_eliminacion,modo_animacion_portada,avatar_animado_url
1,CID-2091B59DB870,10.0,7.0,   Jorge Rodríguez ,,htp://api.holo-ai.com/avatars/cid-2091b59db870.png,1,TODO_PUBLICO,aprobado,10/05/2025 19:48,0,,fantasia,,,bucle_portadas,https://api.holo-ai.com/animados/cid-2091b59db870.gif
2,CID-806627A18193,3.0,28.0,Olga Hernández,Perspiciatis tempora assumenda in adipisci dolor magnam.,https://api.holo-ai.com/avatars/cid-806627a18193.png,0,MAYORES_13,en_revision,2024-10-29 19:32:53,0,No binario,combate,,,animado,https://api.holo-ai.com/animados/cid-806627a18193.webp
3,CID-384334A3C6AB,7.0,34.0,LUIS BECERRA,In ipsum eius sit quis cum in eius dolor quis aut fugit.,https://api.holo-ai.com/avatars/cid-384334a3c6ab.png,0,MAYORES_18,rechazado,2025-07-15 00:44:33,0,Masculino,"cyberpunk, combate",,,animado,https://api.holo-ai.com/animados/cid-384334a3c6ab.gif
4,CID-5A64C807CB70,2.0,23.0,Edgar Agudelo,Quas modi voluptate fugiat mollitia repudiandae.,https://api.holo-ai.com/avatars/cid-5a64c807cb70.png,S,TODO_PUBLICO,pendiente,2026-02-01 14:55:32,0,Androide,"cyberpunk, aventura, fantasia, rpg",,,estatico,
5,CID-8F8EFC2B6255,3.0,2.0,Hugo Morales,Provident aliquid dolorem enim aspernatur doloremque aut eius.,https://api.holo-ai.com/avatars/cid-8f8efc2b6255.png,0,MAYORES_18,pendiente,14/02/2026 22:53,0,Androide,"cyberpunk, anime",,,animado,https://api.holo-ai.com/animados/cid-8f8efc2b6255.gif
6,CID-752402739942,9.0,25.0,Hernán Pérez,Distinctio eaque vel officia non cupiditate quas cum fugit voluptatibus.,https://api.holo-ai.com/avatars/cid-752402739942.png,0,NSFW,aprobado,2026-02-18 07:20:31,0,Femenino,"asistente, combate",,,animado,https://api.holo-ai.com/animados/cid-752402739942.webp
7,CID-4E3B9A0C50F3,10.0,46.0,Eduardo Torres,Sapiente quod dolorem adipisci et eaque distinctio velit soluta et.,https://api.holo-ai.com/avatars/cid-4e3b9a0c50f3.png,1,MAYORES_18,aprobado,02/03/2026 07:08,0,Masculino,"aventura, anime, combate",,,bucle_portadas,https://api.holo-ai.com/animados/cid-4e3b9a0c50f3.webp
8,CID-488381F1F79E,2.0,23.0,MELBA LOAIZA,Corporis consequuntur quia molestiae quia incidunt nesciunt facere voluptatum consequuntur laudantium.,https://api.holo-ai.com/avatars/cid-488381f1f79e.png,1,TODO_PUBLICO,rechazado,19/05/2026 05:40,0,No binario,"fantasia, ia, estrategia",,,  estatico  ,
9,CID-2055C88F4B83,7.0,4.0,Luz González,Cum perspiciatis nisi harum nisi iusto dolorum mollitia velit perspiciatis beatae suscipit quibusdam quisquam.,https://api.holo-ai.com/avatars/cid-2055c88f4b83.png,NO,NSFW,pendiente,30/06/2025 10:12,0,Androide,"aventura, fantasia",,,bucle_portadas,https://api.holo-ai.com/animados/cid-2055c88f4b83.gif
10,CID-B2832B18D581,8.0,28.0,Martha Mejía,A quam quaerat voluptas quis magni autem numquam sapiente magni dicta.,,1,MAYORES_13,pendiente,2025-07-26 15:08:28,1,Masculino,"combate, ia",2025-08-11 15:08:28,Contenido duplicado o spam,bucle_portadas,https://api.holo-ai.com/animados/cid-b2832b18d581.webp
11,CID-2A94F3656199,9.0,36.0,Cristian Montoya,Ullam nobis laborum beatae facilis voluptates rem dolores dolores necessitatibus aspernatur quasi.,https://api.holo-ai.com/avatars/cid-2a94f3656199.png,1,MAYORES_13,aprobado,2026-07-05 00:39:28,1,Androide,"magia, ia, combate, aventura",,,estatico,
12,CID-8C106AFED57F,3.0,12.0,Patricia Ochoa,Consectetur labore mollitia eaque sit incidunt distinctio.,https://api.holo-ai.com/avatars/cid-8c106afed57f.png,1,MAYORES_18,en_revision,2025-12-02 02:05:22,0,Androide,ia,,,estatico,
13,CID-B5E7BE797D90,1.0,48.0,Alfonso Barrios,Id perferendis fuga tempore iste dolorum aperiam accusantium mollitia.,,1,MAYORES_13,en_revision,09/01/2026 06:12,0,Masculino,"cyberpunk, magia, estrategia, fantasia",,,bucle_portadas,https://api.holo-ai.com/animados/cid-b5e7be797d90.gif
14,CID-5EF046BE5400,2.0,12.0,MARINA GARCÍA,Animi architecto adipisci ex maiores eius laborum molestiae quam sunt nemo doloribus labore illum.,https://api.holo-ai.com/avatars/cid-5ef046be5400.png,1,TODO_PUBLICO,rechazado,2024-12-21 11:14:32,1,Desconocido,,,,bucle_portadas,
15,CID-E896A697F9E2,3.0,25.0,Diana Mejía,Illum sint amet officiis officia aperiam quas reiciendis autem deleniti modi.,https://api.holo-ai.com/avatars/cid-e896a697f9e2.png,1,TODO_PUBLICO,aprobado,2025-01-26 02:04:09,0,Desconocido,"cyberpunk, fantasia, rpg",,,BUCLE_PORTADAS,https://api.holo-ai.com/animados/cid-e896a697f9e2.gif
16,CID-1346A6551169,5.0,48.0,   RUBIELA CASTRO ,Soluta asperiores repellat sequi atque officiis molestiae accusamus at.,,1,TODO_PUBLICO,aprobado,2026-05-17 12:21:39,0,Femenino,"combate, fantasia, rpg",,,bucle_portadas,https://api.holo-ai.com/animados/cid-1346a6551169.webp
17,CID-268B0F7B6FCA,10.0,35.0,   Gustavo Pérez ,Laboriosam sint temporibus cum a hic unde quos eligendi possimus quas quos.,https://api.holo-ai.com/avatars/cid-268b0f7b6fca.png,1,MAYORES_13,rechazado,07/03/2026 07:03,1,Desconocido,"cyberpunk, estrategia",,,estatico,
18,cid-1ce6d84f233e,10.0,40.0,ÓSCAR SÁNCHEZ,Dolor animi quasi aperiam et amet labore ullam minus.,https://api.holo-ai.com/avatars/cid-1ce6d84f233e.png,S,TODO_PUBLICO,aprobado,2024-11-22 09:11:38,0,Masculino,rpg,,,animado,https://api.holo-ai.com/animados/cid-1ce6d84f233e.gif
19,CID-B5FC3BAB1F61,8.0,45.0,Ever García,Architecto architecto similique illo velit necessitatibus neque aliquam.,,0,MAYORES_13,aprobado,11/12/2024 21:09,0,Femenino,"anime, ia, cyberpunk, estrategia",,,estatico,
20,CID-E631552C04E2,5.0,13.0,Yuliana Orozco,Et ea pariatur et eaque consectetur officia itaque ut vel ab numquam.,https://api.holo-ai.com/avatars/cid-e631552c04e2.png,1,NSFW,pendiente,2025-12-20 11:50:38,0,Femenino,"asistente, ia",,,animado,https://api.holo-ai.com/animados/cid-e631552c04e2.webp
21,CID-FF6459441343,4.0,10.0,ALBERT GARCÍA,Magni consequatur expedita architecto doloribus eligendi ipsa molestiae.,https://api.holo-ai.com/avatars/cid-ff6459441343.png,1,NSFW,pendiente,2025-06-01 04:12:36,0,No binario,fantasia;estrategia;ia,,,animado,https://api.holo-ai.com/animados/cid-ff6459441343.gif
22,CID-A1A4363F0B78,5.0,41.0,David Ospino,Ab repellendus error optio vel consequatur blanditiis autem mollitia earum non quaerat.,https://api.holo-ai.com/avatars/cid-a1a4363f0b78.png,1,MAYORES_18,  aprobado  ,2025-03-16 08:12:39,1,Femenino,"ia, combate, asistente",,,animado,https://api.holo-ai.com/animados/cid-a1a4363f0b78.webp
23,cid-1de976b158a7,6.0,36.0,Eduardo Márquez,Laborum temporibus sapiente at incidunt eius a quo odio ea qui mollitia.,,1,MAYORES_13,rechazado,2025-09-06 09:32:38,0,No binario,"combate, cyberpunk, aventura",,,bucle_portadas,https://api.holo-ai.com/animados/cid-1de976b158a7.webp
24,CID-E911995758BC,3.0,26.0,   Luis González ,Molestias rerum nesciunt corporis consectetur est tempore.,https://api.holo-ai.com/avatars/cid-e911995758bc.png,1,MAYORES_13,rechazado,19/06/2026 13:40,0,No binario,"fantasia, asistente, rpg",,,estatico,
25,CID-F75D68FE1E64,8.0,30.0,Miller Gómez,Distinctio dolorum aut quod sunt illo nulla culpa ut sint.,https://api.holo-ai.com/avatars/cid-f75d68fe1e64.png,SI,TODO_PUBLICO,rechazado,22/06/2026 11:51,0,No binario,fantasia,,,estatico,
26,CID-29938F645624,2.0,1.0,Edwin Rangel,,https://api.holo-ai.com/avatars/cid-29938f645624.png,1,TODO_PUBLICO,en_revision,2024-10-28 10:55:59,0,Femenino,"magia, asistente, fantasia, combate",2024-12-16 10:55:59,Infraccion de normas comunitarias,animado,https://api.holo-ai.com/animados/cid-29938f645624.gif
27,CID-B71DC2DB7C41,,35.0,Gloria Velandia,Rem sint repellat eaque ratione autem sit similique dolore repellendus itaque.,https://api.holo-ai.com/avatars/cid-b71dc2db7c41.png,true,NSFW,rechazado,2025-06-03 06:03:07,0,Desconocido,aventura;magia;anime;rpg,,,estatico,
28,cid-bfebfd60f22e,10.0,17.0,Leonardo Bohórquez,Ad deserunt eveniet sint vitae eius odit id.,https://api.holo-ai.com/avatars/cid-bfebfd60f22e.png,1,MAYORES_18,en_revision,2026-07-26 11:51:57,1,No binario,"rpg, aventura, combate",,,bucle_portadas,https://api.holo-ai.com/animados/cid-bfebfd60f22e.webp
29,CID-6E22931D0C8C,1.0,26.0,Andrés Rico,Soluta ea neque voluptates alias nisi exercitationem.,https://api.holo-ai.com/avatars/cid-6e22931d0c8c.png,1,MAYORES_13,en_revision,2026-06-12 00:57:56,0,Masculino,"magia, ia, rpg, anime",,,animado,https://api.holo-ai.com/animados/cid-6e22931d0c8c.webp
30,CID-C063222138E3,7.0,14.0,Eugenia Calderón,Blanditiis tempore deleniti aliquid ipsa maxime rem porro velit qui deserunt inventore.,https://api.holo-ai.com/avatars/cid-c063222138e3.png,1,NSFW,pendiente,2026-03-09 03:10:11,NO,Desconocido,asistente,,,estatico,
31,CID-6C51D1D71A9A,10.0,27.0,Marco Trujillo,Quaerat error est illum illo eos consectetur.,https://api.holo-ai.com/avatars/cid-6c51d1d71a9a.png,0,NSFW,rechazado,31/08/2025 18:34,0,Androide,"asistente, cyberpunk, combate",,,estatico,
32,CID-69F3E705EBDF,5.0,14.0,Enrique Rivera,Nulla error molestias a enim inventore neque omnis.,https://api.holo-ai.com/avatars/cid-69f3e705ebdf.png,1,TODO_PUBLICO,pendiente,2025-10-05 08:53:24,NO,,"fantasia, anime",2025-10-19 08:53:24,Violacion de derechos de autor,bucle_portadas,https://api.holo-ai.com/animados/cid-69f3e705ebdf.gif
33,cid-91c1a85bbbcc,2.0,38.0,Mayra Gil,Labore temporibus recusandae cumque assumenda maiores odio excepturi repellendus quibusdam perferendis dolore.,https://api.holo-ai.com/avatars/cid-91c1a85bbbcc.png,0,MAYORES_13,rechazado,2025-03-12 20:55:58,1,,"estrategia, asistente, aventura",,,bucle_portadas,https://api.holo-ai.com/animados/cid-91c1a85bbbcc.webp
34,CID-1A5D1F584F6F,1.0,44.0,Milena Gómez,Nostrum quisquam iste suscipit nemo quaerat fugit id corporis porro tempora similique.,https://api.holo-ai.com/avatars/cid-1a5d1f584f6f.png,1,TODO_PUBLICO,aprobado,27/08/2026 23:08,0,No binario,aventura,2026-09-23 23:08:59,Violacion de derechos de autor,estatico,
35,CID-63D373F3E111,6.0,23.0,Sandra Salazar,Rem possimus iure nam totam commodi consequatur iure.,https://api.holo-ai.com/avatars/cid-63d373f3e111.png,1,NSFW,pendiente,2025-11-25 17:53:52,0,No binario,"magia, asistente, cyberpunk, anime",,,estatico,
36,CID-FBF5B943FDF1,4.0,28.0,Misael Hurtado,Nostrum quaerat magnam rerum molestias tempore quia labore ea doloribus odit.,,1,NSFW,rechazado,2026-05-27 00:41:01,1,Femenino,"fantasia, rpg, cyberpunk, anime",,,animado,https://api.holo-ai.com/animados/cid-fbf5b943fdf1.webp
37,CID-F50F8436C44B,1.0,15.0,Jaime Reyes,Earum aspernatur enim earum eum molestiae consequuntur doloremque possimus.,https://api.holo-ai.com/avatars/cid-f50f8436c44b.png,1,NSFW,en_revision,2026-04-10 21:29:21,false,,"fantasia, asistente, estrategia",,,animado,https://api.holo-ai.com/animados/cid-f50f8436c44b.gif
38,CID-259AE8CC2813,6.0,47.0,Fernanda Guerrero,Molestiae impedit dignissimos in temporibus nesciunt possimus sequi quisquam fugit.,https://api.holo-ai.com/avatars/cid-259ae8cc2813.png,1,MAYORES_18,Rechazado,2024-10-13 18:47:34,0,No binario,aventura,,,estatico,
39,CID-4099D67A6852,3.0,47.0,James Jiménez,Sequi veritatis in quibusdam molestias nobis dolore dolor ipsa adipisci.,https://api.holo-ai.com/avatars/cid-4099d67a6852.png,1,MAYORES_18,aprobado,2025-06-27 06:47:26,false,No binario,"cyberpunk, ia",,,estatico,
40,CID-2EB064045B19,,35.0,Enrique Bautista,Saepe ullam voluptatem modi tenetur nihil optio assumenda.,https://api.holo-ai.com/avatars/cid-2eb064045b19.png,1,NSFW,aprobado,2025-09-07 02:48:11,0,Androide,magia;rpg;anime;ia,,,estatico,
41,CID-D8A5793BC59B,1.0,25.0,Marcela Restrepo,Ea eveniet iste excepturi sunt eius.,https://api.holo-ai.com/avatars/cid-d8a5793bc59b.png,1,MAYORES_13,pendiente,2026-07-17 09:04:28,0,Masculino,combate;aventura,,,bucle_portadas,https://api.holo-ai.com/animados/cid-d8a5793bc59b.gif
42,CID-520800E6D43E,7.0,28.0,Piedad Palacio,Accusantium molestiae voluptatum expedita officiis quos officiis quidem veniam dicta accusantium corrupti.,https://api.holo-ai.com/avatars/cid-520800e6d43e.png,1,TODO_PUBLICO,aprobado,2025-01-15 05:48:41,0,Femenino,"combate, anime, fantasia",2025-01-16 05:48:00,Violacion de derechos de autor,animado,https://api.holo-ai.com/animados/cid-520800e6d43e.gif
43,CID-1A59D0520850,4.0,2.0,Clemencia González,Iure ducimus fuga non vitae quaerat quod cum.,htp://api.holo-ai.com/avatars/cid-1a59d0520850.png,1,NSFW,aprobado,2025-06-07 19:04:03,0,Desconocido,asistente;combate,,,animado,https://api.holo-ai.com/animados/cid-1a59d0520850.webp
44,CID-7E38DEC3FB8E,,10.0,Sandra Rodríguez,Nemo tenetur fugiat velit dicta nihil rerum doloribus possimus.,https://api.holo-ai.com/avatars/cid-7e38dec3fb8e.png,true,MAYORES_18,en_revision,2025-05-31 10:47:26,1,Androide,"aventura, estrategia, magia",,,animado,https://api.holo-ai.com/animados/cid-7e38dec3fb8e.gif
45,CID-47FBEC4B43ED,,5.0,Gustavo Carvajal,Recusandae natus aliquam minus optio architecto officia.,https://api.holo-ai.com/avatars/cid-47fbec4b43ed.png,1,TODO_PUBLICO,rechazado,2024-10-19 00:44:06,0,Femenino,"aventura, magia, cyberpunk, combate",,,animado,https://api.holo-ai.com/animados/cid-47fbec4b43ed.gif
46,CID-ACC0BD80E60A,5.0,26.0,GUSTAVO PINTO,Inventore facere tempora itaque corrupti debitis maxime.,https://api.holo-ai.com/avatars/cid-acc0bd80e60a.png,1,MAYORES_18,en_revision,2026-02-26 10:17:13,0,Androide,,,,estatico,
47,CID-E7C07526FD36,6.0,32.0,Alba Montes,Quo iure repudiandae nihil eum doloribus vel eius iste quibusdam necessitatibus pariatur.,,1,NSFW,en_revision,2025-06-27 11:46:10,1,Desconocido,"magia, ia, fantasia, anime",,,animado,https://api.holo-ai.com/animados/cid-e7c07526fd36.gif
48,CID-B980C502FD66,1.0,1.0,María Gaitán,Laborum explicabo ea eius nisi sunt nam maxime.,https://api.holo-ai.com/avatars/cid-b980c502fd66.png,1,MAYORES_13,rechazado,2025-03-06 14:25:54,false,Masculino,combate;magia,,,estatico,
49,CID-ECC4CA4F93BA,7.0,45.0,ANDREA PINZÓN,Nam dolores labore quae ipsum accusantium eos illo doloribus optio fuga mollitia.,https://api.holo-ai.com/avatars/cid-ecc4ca4f93ba.png,1,NSFW,en_revision,2025-07-03 04:59:03,0,Androide,estrategia;aventura,,,estatico,
50,CID-97A48D20BC98,4.0,49.0,Manuela Cano,Explicabo iste esse dolorem quam et quia veritatis porro deleniti.,https://api.holo-ai.com/avatars/cid-97a48d20bc98.png,1,MAYORES_18,aprobado,2026-05-05 21:28:14,0,Desconocido,"anime, magia, aventura, estrategia",,,animado,https://api.holo-ai.com/animados/cid-97a48d20bc98.gif
51,CID-9AA6872DC5BF,3.0,44.0,Yeny Vanegas,Nisi voluptatem rerum eos facere esse provident consectetur aliquid amet eos velit.,https://api.holo-ai.com/avatars/cid-9aa6872dc5bf.png,1,NSFW,aprobado,16/02/2026 15:38,0,Androide,"anime, magia, ia, combate",,,estatico,
52,CID-07416D630379,7.0,6.0,Gabriel Rincón,Nemo iusto ipsam delectus amet velit.,https://api.holo-ai.com/avatars/cid-07416d630379.png,1,NSFW,pendiente,2025-10-15 06:23:58,1,No binario,"estrategia, asistente, combate",,,bucl3_port4d4s,https://api.holo-ai.com/animados/cid-07416d630379.gif
53,CID-F3056F906522,10.0,45.0,Martha Martínez,Asperiores occaecati amet corrupti natus esse voluptatibus blanditiis quisquam non ratione dolorem.,https://api.holo-ai.com/avatars/cid-f3056f906522.png,1,TODO_PUBLICO,p3ndi3nt3,2025-11-19 02:20:24,0,Femenino,asistente,,,bucle_portadas,https://api.holo-ai.com/animados/cid-f3056f906522.gif
54,CID-2CA2DE2334D9,2.0,44.0,Mery Gamboa,Similique voluptatibus esse numquam non qui veniam dignissimos distinctio.,,1,TODO_PUBLICO,rechazado,2026-03-06 04:09:17,0,Femenino,,,,bucle_portadas,https://api.holo-ai.com/animados/cid-2ca2de2334d9.gif
55,CID-337B8B0E623D,9.0,9.0,   Ana Moreno ,Asperiores a ipsum nisi eos doloremque provident praesentium iste porro unde ratione numquam.,https://api.holo-ai.com/avatars/cid-337b8b0e623d.png,1,TODO_PUBLICO,en_revision,06/03/2026 18:13,0,Femenino,magia,,,animado,https://api.holo-ai.com/animados/cid-337b8b0e623d.gif
56,CID-B6B4B2951B7E,4.0,29.0,Ricardo Ramírez,Molestias officia tenetur repudiandae architecto cumque esse.,https://api.holo-ai.com/avatars/cid-b6b4b2951b7e.png,1,NSFW,aprobado,2026-05-13 22:27:56,False,Desconocido,"cyberpunk, ia, asistente",,,bucle_portadas,https://api.holo-ai.com/animados/cid-b6b4b2951b7e.webp
57,CID-A5A4B4FC9712,9.0,47.0,AUGUSTO CÁCERES,Commodi porro praesentium velit magnam laudantium aspernatur aliquam inventore eum dolorum.,https://api.holo-ai.com/avatars/cid-a5a4b4fc9712.png,1,MAYORES_13,rechazado,2024-12-19 03:20:18,0,No binario,"combate, ia",,,bucle_portadas,https://api.holo-ai.com/animados/cid-a5a4b4fc9712.webp
58,CID-8CBDF5A4EFA4,1.0,18.0,Ángela Gil,Nesciunt accusantium quisquam reprehenderit nemo quis cupiditate maxime ipsam eius voluptatum ipsa repellendus.,,1,MAYORES_18,rechazado,2024-12-19 01:45:49,0,Androide,rpg;combate;magia,,,estatico,
59,CID-5D932793DEDF,10.0,46.0,Heidy Parra,Pariatur similique ex possimus enim veniam repellendus mollitia iste et.,https://api.holo-ai.com/avatars/cid-5d932793dedf.png,1,MAYORES_18,aprobado,2025-06-17 07:08:31,0,,magia,,,animado,https://api.holo-ai.com/animados/cid-5d932793dedf.gif
60,CID-CA34F7C82106,1.0,43.0,Martha Perdomo,Repudiandae a sit iure amet maxime numquam libero ipsam amet eaque consectetur.,,1,MAYORES_18,pendiente,2025-05-20 22:08:03,0,Androide,,2025-06-21 22:08:03,Infraccion de normas comunitarias,estatico,
61,CID-90700A8025E1,3.0,34.0,Betty Benavides,Adipisci occaecati reiciendis quae est accusamus illum.,https://api.holo-ai.com/avatars/cid-90700a8025e1.png,1,NSFW,pendiente,2025-04-01 17:36:20,0,Androide,"cyberpunk, ia, rpg, combate",,,animado,
62,CID-706471498E8D,10.0,23.0,Jonatan Barreto,Veniam officia culpa ut eos provident impedit laboriosam iusto itaque corporis.,https://api.holo-ai.com/avatars/cid-706471498e8d.png,1,NSFW,rechazado,2025-03-06 06:07:00,0,Androide,fantasia,,,estatico,
63,CID-4C8A6F9B6083,,50.0,Elkin Palacios,Sint eius ratione impedit vel magni reprehenderit.,https://api.holo-ai.com/avatars/cid-4c8a6f9b6083.png,1,MAYORES_13,aprobado,2025-05-16 21:22:57,0,Desconocido,fantasia;rpg,,,bucle_portadas,
64,CID-AD1ED87CE399,2.0,8.0,Daniel Velasco,Voluptatum laudantium corrupti molestiae exercitationem mollitia molestiae iste eum deleniti possimus nemo doloremque.,https://api.holo-ai.com/avatars/cid-ad1ed87ce399.png,0,TODO_PUBLICO,pendiente,03/06/2026 14:04,S,Femenino,,,,bucle_portadas,
65,cid-57d626a9be9a,1.0,30.0,Lucy Ruiz,Provident repellat harum optio reprehenderit voluptatem libero alias magnam nihil sit soluta.,https://api.holo-ai.com/avatars/cid-57d626a9be9a.png,1,NSFW,pendiente,2025-09-16 04:47:04,0,,"magia, ia, aventura",,,animado,https://api.holo-ai.com/animados/cid-57d626a9be9a.gif
66,CID-9E5F5F03E4D8,7.0,4.0,Diana Vallejo,Quam illum omnis culpa iusto voluptas.,https://api.holo-ai.com/avatars/cid-9e5f5f03e4d8.png,0,MAYORES_13,rechazado,2025-06-29 04:07:14,0,No binario,"estrategia, aventura, cyberpunk, fantasia",,,  bucle_portadas  ,
67,CID-497C1DDB39F2,10.0,41.0,Antonio Medina,Sequi sequi similique fugit et quaerat quis.,https://api.holo-ai.com/avatars/cid-497c1ddb39f2.png,1,NSFW,en_revision,2026-08-17 19:16:48,0,Androide,"asistente, combate, rpg, fantasia",,,estatico,
68,CID-7E4E192E9AB6,10.0,30.0,ANDRÉS GARZÓN,,https://api.holo-ai.com/avatars/cid-7e4e192e9ab6.png,0,TODO_PUBLICO,RECHAZADO,09/04/2025 13:18,0,Desconocido,"combate, asistente, rpg",,,animado,https://api.holo-ai.com/animados/cid-7e4e192e9ab6.webp
69,CID-7C7595489934,4.0,38.0,Fernando Cáceres,Quia inventore atque odio sit ipsam possimus temporibus.,https://api.holo-ai.com/avatars/cid-7c7595489934.png,1,MAYORES_13,en_revision,13/11/2024 22:12,0,Desconocido,"combate, cyberpunk, fantasia",,,bucle_portadas,https://api.holo-ai.com/animados/cid-7c7595489934.webp
70,CID-6701940F5FC0,9.0,42.0,Camila Martínez,Fugiat corporis minus natus recusandae cumque aspernatur sit nulla dolores.,https://api.holo-ai.com/avatars/cid-6701940f5fc0.png,false,MAYORES_18,rechazado,2026-09-18 05:14:53,N,Femenino,"combate, anime, ia, magia",,,animado,https://api.holo-ai.com/animados/cid-6701940f5fc0.webp
71,CID-0EFF0F563AB0,5.0,19.0,Juan Moreno,Itaque pariatur tempore iure enim molestias asperiores veniam voluptates.,https://api.holo-ai.com/avatars/cid-0eff0f563ab0.png,1,TODO_PUBLICO,aprobado,29/05/2025 13:31,NO,Masculino,cyberpunk,,,bucle_portadas,https://api.holo-ai.com/animados/cid-0eff0f563ab0.gif
72,CID-AA38481C2EB8,3.0,48.0,Fernando Salazar,Itaque error voluptatum sequi autem fugit facere eos praesentium.,https://api.holo-ai.com/avatars/cid-aa38481c2eb8.png,0,NSFW,rechazado,2024-10-26 05:51:56,1,Desconocido,ia,,,estatico,
73,CID-87B191DBBFAE,4.0,18.0,Bryan Navarro,Ab sint quod voluptate tenetur quia rerum temporibus quod.,,1,MAYORES_13,pendiente,05/04/2025 22:35,0,Desconocido,"combate, asistente, ia",,,estatico,
74,CID-1C08466503C8,5.0,36.0,Alberto Romero,Numquam perspiciatis quam omnis saepe occaecati temporibus officia.,https://api.holo-ai.com/avatars/cid-1c08466503c8.png,1,MAYORES_18,aprobado,2025-06-06 03:48:29,0,Femenino,"rpg, combate, asistente, magia",,,animado,https://api.holo-ai.com/animados/cid-1c08466503c8.gif
75,CID-03B23CBC1DC8,4.0,47.0,FABIÁN GÓMEZ,Quasi at eos quibusdam cupiditate consequatur molestiae voluptas minus totam.,https://api.holo-ai.com/avatars/cid-03b23cbc1dc8.png,0,TODO_PUBLICO,pendiente,2026-07-16 06:00:49,0,Femenino,"combate, anime",,,estatico,
76,CID-890D40D32F14,10.0,4.0,Claudia Caro,Voluptas eos sit rem iusto asperiores quidem dolorem perspiciatis perferendis id sapiente.,,1,NSFW,rechazado,2025-12-16 01:56:31,0,Femenino,"combate, magia, aventura, rpg",,,estatico,
77,CID-8BFFB919BA88,5.0,32.0,Dora Mercado,,https://api.holo-ai.com/avatars/cid-8bffb919ba88.png,0,MAYORES_18,rechazado,2024-10-20 00:20:40,1,Masculino,"magia, aventura, ia, fantasia",,,estatico,
78,CID-05F562C09BEC,5.0,38.0,Mónica González,Perferendis perferendis nesciunt reprehenderit velit autem doloremque ad sunt natus.,https://api.holo-ai.com/avatars/cid-05f562c09bec.png,0,TODO_PUBLICO,rechazado,2026-09-20 02:29:19,0,,"ia, fantasia",,,bucle_portadas,https://api.holo-ai.com/animados/cid-05f562c09bec.webp
79,CID-3B2BE09BDB55,5.0,23.0,David Jaimes,Tenetur error illum consequuntur veniam esse laudantium atque suscipit consequatur iste.,https://api.holo-ai.com/avatars/cid-3b2be09bdb55.png,1,TODO_PUBLICO,rechazado,13/03/2026 23:39,1,,,,,animado,https://api.holo-ai.com/animados/cid-3b2be09bdb55.gif
80,CID-DA84ABEEC6C5,2.0,38.0,Mateo Benavides,In quia culpa impedit aut laudantium illum veritatis adipisci fuga ipsam veritatis.,https://api.holo-ai.com/avatars/cid-da84abeec6c5.png,1,MAYORES_18,pendiente,2026-08-04 15:37:45,0,Desconocido,asistente,2026-08-24 15:37:00,Solicitud del creador,estatico,
81,CID-146DD296F2E9,5.0,49.0,Julieth Bejarano,Molestias voluptate facere id deleniti commodi sed iste optio odit.,https://api.holo-ai.com/avatars/cid-146dd296f2e9.png,0,TODO_PUBLICO,rechazado,2026-01-16 00:29:21,NO,Desconocido,rpg,,,bucle_portadas,https://api.holo-ai.com/animados/cid-146dd296f2e9.webp
82,cid-dc55e38736ee,2.0,44.0,   Moisés Martínez ,Doloribus commodi natus architecto quisquam dignissimos dolor sit eveniet corporis.,https://api.holo-ai.com/avatars/cid-dc55e38736ee.png,N,NSFW,Aprobado,2026-09-08 15:59:49,0,Femenino,"estrategia, cyberpunk, magia, combate",,,animado,https://api.holo-ai.com/animados/cid-dc55e38736ee.webp
83,CID-CCF1F9EC88F7,5.0,43.0,Juan Castro,Voluptates molestiae reiciendis beatae sint consectetur facere.,https://api.holo-ai.com/avatars/cid-ccf1f9ec88f7.png,1,MAYORES_18,en_revision,13/06/2026 14:18,0,Femenino,"estrategia, anime",2026-07-14 14:18:39,Contenido duplicado o spam,bucle_portadas,https://api.holo-ai.com/animados/cid-ccf1f9ec88f7.webp
84,CID-D000FB7611E8,4.0,5.0,Leidy Valencia,Eaque consectetur in beatae aperiam ipsum facere nisi.,https://api.holo-ai.com/avatars/cid-d000fb7611e8.png,1,MAYORES_13,en_revision,2025-09-25 06:52:25,1,Androide,ia;asistente;estrategia,,,animado,https://api.holo-ai.com/animados/cid-d000fb7611e8.gif
85,CID-7DC00F096AFF,3.0,1.0,José Garcés,Quas tenetur omnis error officia adipisci.,https://api.holo-ai.com/avatars/cid-7dc00f096aff.png,1,MAYORES_18,pendiente,2025-10-16 05:45:06,1,Androide,"magia, estrategia",,,estatico,
86,CID-9B3B26EEDC59,4.0,13.0,Edgar Osorio,Laudantium tenetur asperiores aspernatur non aperiam eius.,https://api.holo-ai.com/avatars/cid-9b3b26eedc59.png,1,NSFW,aprobado,12/02/2026 22:17,0,Masculino,fantasia,,,animado,
87,CID-0E2748729F81,7.0,38.0,Juan Amaya,Voluptatum minus iste non aut praesentium sequi officiis quisquam quam.,htp://api.holo-ai.com/avatars/cid-0e2748729f81.png,1,MAYORES_13,rechazado,2025-03-25 05:12:08,0,Femenino,"anime, combate, rpg, ia",,,bucle_portadas,https://api.holo-ai.com/animados/cid-0e2748729f81.gif
88,CID-32371EDEFF38,7.0,2.0,RUBY CAMPO,Excepturi iste impedit atque incidunt pariatur fugiat corrupti ullam architecto rerum.,https://api.holo-ai.com/avatars/cid-32371edeff38.png,1,TODO_PUBLICO,rechazado,2024-12-20 14:49:01,0,Masculino,"anime, ia, rpg",,,estatico,
89,CID-338401D5024E,10.0,29.0,Yohana Sarmiento,Repellat nam nesciunt natus eveniet commodi explicabo pariatur quibusdam sint.,htp://api.holo-ai.com/avatars/cid-338401d5024e.png,0,MAYORES_13,aprobado,2026-04-22 06:25:38,0,Masculino,"fantasia, ia, estrategia",,,animado,https://api.holo-ai.com/animados/cid-338401d5024e.gif
90,CID-A54B8761ED9A,4.0,2.0,Luz Gutiérrez,Expedita neque distinctio omnis dolore autem sapiente facilis quis.,https://api.holo-ai.com/avatars/cid-a54b8761ed9a.png,True,TODO_PUBLICO,rechazado,29/12/2025 02:52,0,Androide,"magia, asistente, rpg, combate",,,bucle_portadas,https://api.holo-ai.com/animados/cid-a54b8761ed9a.webp
91,CID-6DA34AA6DC55,6.0,5.0,Lorena Osorio,Voluptate repellendus nostrum odit ad ut repudiandae eaque debitis praesentium est excepturi ab.,https://api.holo-ai.com/avatars/cid-6da34aa6dc55.png,0,MAYORES_18,rechazado,2026-08-15 20:17:53,1,No binario,magia;asistente;anime,,,estatico,
92,CID-A8EFF973D162,5.0,39.0,Isabel Navarro,Consequuntur odio adipisci quia dolor in.,https://api.holo-ai.com/avatars/cid-a8eff973d162.png,1,TODO_PUBLICO,aprobado,2025-06-30 23:38:37,0,Desconocido,"ia, anime",,,animado,
93,CID-8B2EF882C124,1.0,15.0,Cecilia Álvarez,Quod necessitatibus assumenda amet culpa nulla perferendis earum optio laborum.,,1,TODO_PUBLICO,pendiente,17/09/2025 13:10,0,No binario,"combate, anime, rpg, fantasia",,,estatico,
94,CID-888C1923948A,,47.0,Fabiola Rojas,Beatae inventore eligendi perspiciatis laborum pariatur aliquid hic nobis ab error distinctio.,https://api.holo-ai.com/avatars/cid-888c1923948a.png,S,TODO_PUBLICO,rechazado,23/01/2025 19:07,0,Femenino,"magia, fantasia, combate",2025-04-02 19:07:00,Violacion de derechos de autor,estatico,
95,CID-AAD676BDC061,10.0,20.0,Cristian Gutiérrez,Ab quia cupiditate fugit provident magnam rerum.,https://api.holo-ai.com/avatars/cid-aad676bdc061.png,1,MAYORES_18,rechazado,27/06/2026 09:32,0,Femenino,"aventura, fantasia, combate",,,3st4tico,
96,CID-9857B5113CAB,7.0,1.0,Sonia Medina,Ipsa itaque aspernatur est inventore illo.,https://api.holo-ai.com/avatars/cid-9857b5113cab.png,1,MAYORES_13,aprobado,2026-02-18 09:59:15,1,Androide,"asistente, combate, anime, magia",,,bucle_portadas,https://api.holo-ai.com/animados/cid-9857b5113cab.webp
97,CID-C9D482231106,8.0,40.0,   Omaira González ,Vitae cupiditate veniam itaque porro facere.,https://api.holo-ai.com/avatars/cid-c9d482231106.png,NO,TODO_PUBLICO,aprobado,2025-09-13 09:46:46,0,Femenino,"fantasia, rpg, cyberpunk",,,  bucle_portadas  ,https://api.holo-ai.com/animados/cid-c9d482231106.gif
98,CID-80B6F19447B0,2.0,40.0,Santiago Vargas,Id aspernatur sit quia dolore quod asperiores odio minus deserunt quod expedita vero.,https://api.holo-ai.com/avatars/cid-80b6f19447b0.png,1,MAYORES_13,pendiente,2026-02-22 12:48:39,0,Desconocido,,,,bucle_portadas,https://api.holo-ai.com/animados/cid-80b6f19447b0.webp
99,CID-0CB26580514C,9.0,26.0,   Víctor Moreno ,Ducimus cupiditate corrupti quis asperiores veritatis occaecati.,,1,MAYORES_18,rechazado,2025-10-04 13:35:38,0,Androide,"magia, combate, ia",,,animado,https://api.holo-ai.com/animados/cid-0cb26580514c.webp
100,CID-4B37D54CD965,5.0,45.0,Alfonso Ochoa,Perspiciatis sunt officia voluptates eum voluptas et ipsam iusto occaecati recusandae.,https://api.holo-ai.com/avatars/cid-4b37d54cd965.png,1,NSFW,pendiente,2026-01-11 13:44:43,0,Masculino,fantasia;magia;combate,,,estatico,
101,CID-BBFBD016ABD9,,18.0,Luz Palacios,Iure alias fuga enim officia voluptate at nisi fugit.,https://api.holo-ai.com/avatars/cid-bbfbd016abd9.png,1,MAYORES_13,rechazado,2026-01-02 23:00:22,0,Femenino,"magia, aventura",,,animado,
102,CID-2382E7D61AAD,6.0,32.0,Luis Mercado,Ipsum repellat officiis eum labore corrupti.,https://api.holo-ai.com/avatars/cid-2382e7d61aad.png,1,TODO_PUBLICO,aprobado,2024-11-26 06:17:28,0,Androide,"aventura, ia, combate",,,bucle_portadas,https://api.holo-ai.com/animados/cid-2382e7d61aad.gif
103,CID-399060A38297,5.0,2.0,Gina Arrieta,Voluptatem assumenda officia aliquam provident voluptatibus minima non facilis ullam.,https://api.holo-ai.com/avatars/cid-399060a38297.png,0,MAYORES_18,aprobado,2025-08-06 02:51:00,0,Desconocido,"estrategia, combate, anime",,,animado,https://api.holo-ai.com/animados/cid-399060a38297.gif
104,CID-E5E2C62D4292,2.0,12.0,Maribel Quintero,Amet occaecati ex ex nam harum dolorum sed vitae nobis corrupti aspernatur optio.,https://api.holo-ai.com/avatars/cid-e5e2c62d4292.png,0,TODO_PUBLICO,pendiente,2026-09-21 06:16:28,False,Desconocido,"anime, aventura, estrategia, magia",,,animado,https://api.holo-ai.com/animados/cid-e5e2c62d4292.gif
105,CID-84DBFC9A54C0,9.0,21.0,Judith Bolaños,Consectetur quae assumenda nam officia eveniet consectetur praesentium veniam voluptatum totam.,https://api.holo-ai.com/avatars/cid-84dbfc9a54c0.png,1,MAYORES_18,en_revision,20/12/2024 18:58,0,Masculino,"estrategia, cyberpunk, ia, aventura",,,bucle_portadas,https://api.holo-ai.com/animados/cid-84dbfc9a54c0.webp
106,CID-FF7A2A7BE881,9.0,30.0,Jorge Salazar,Accusantium est veritatis exercitationem quisquam deleniti voluptatum culpa eos ratione.,https://api.holo-ai.com/avatars/cid-ff7a2a7be881.png,SI,NSFW,pendiente,2025-11-07 12:54:14,0,Desconocido,,,,estatico,
107,CID-F4A0B64026AF,6.0,44.0,Ángel Palacio,Alias excepturi quisquam consectetur fugiat cum rerum quo repellat cumque ipsa illum.,https://api.holo-ai.com/avatars/cid-f4a0b64026af.png,1,NSFW,APROBADO,2026-03-18 13:12:02,0,Desconocido,magia;aventura;asistente,,,bucle_portadas,https://api.holo-ai.com/animados/cid-f4a0b64026af.gif
108,CID-5737420E6D04,10.0,49.0,Óscar Tamayo,Eligendi quibusdam ipsum modi est repellat iusto rerum facilis veniam voluptates iure eligendi.,,1,MAYORES_18,en_revision,01/08/2025 19:30,0,Desconocido,"fantasia, cyberpunk, aventura",,,animado,https://api.holo-ai.com/animados/cid-5737420e6d04.gif
109,CID-1A02690705EB,8.0,50.0,JOSÉ GUERRERO,Repellendus reiciendis consequuntur dolorum odit soluta mollitia aut.,https://api.holo-ai.com/avatars/cid-1a02690705eb.png,1,NSFW,en_revision,2026-07-28 05:27:24,0,Femenino,"ia, cyberpunk, combate",,,animado,https://api.holo-ai.com/animados/cid-1a02690705eb.webp
110,cid-04cafd96589d,3.0,34.0,   José González ,Quis earum temporibus corporis ipsa veniam dolore.,htp://api.holo-ai.com/avatars/cid-04cafd96589d.png,1,TODO_PUBLICO,pendiente,2025-09-24 14:31:01,0,Desconocido,fantasia;ia,,,animado,
111,cid-8efb9407f622,2.0,,Hugo Granados,Amet magnam doloremque voluptatum fugiat adipisci ut saepe officiis recusandae consequuntur.,https://api.holo-ai.com/avatars/cid-8efb9407f622.png,false,NSFW,en_revision,2025-05-20 00:42:05,0,No binario,"cyberpunk, ia, combate",,,bucle_portadas,https://api.holo-ai.com/animados/cid-8efb9407f622.webp
112,CID-4CA0E45DA950,2.0,26.0,Gerardo Ortega,Quis iusto nostrum temporibus accusantium dolor corrupti.,https://api.holo-ai.com/avatars/cid-4ca0e45da950.png,1,NSFW,en_revision,2026-10-09 11:57:50,0,No binario,ia,,,animado,https://api.holo-ai.com/animados/cid-4ca0e45da950.gif
113,CID-99267E1E4E07,2.0,32.0,Miguel Silva,Quod dolores commodi dolores odit numquam aperiam.,https://api.holo-ai.com/avatars/cid-99267e1e4e07.png,0,MAYORES_13,en_revision,2026-07-21 01:52:17,0,Masculino,cyberpunk;fantasia;anime,,,animado,https://api.holo-ai.com/animados/cid-99267e1e4e07.gif
114,CID-199E362F369B,1.0,25.0,   Anderson Hurtado ,Odio nemo quaerat eos a explicabo.,https://api.holo-ai.com/avatars/cid-199e362f369b.png,0,MAYORES_18,pendiente,2025-12-26 10:49:28,1,Androide,"rpg, cyberpunk, ia",,,estatico,
115,CID-30DDB5488731,,42.0,Marta Vergara,Minima facere veritatis molestias ratione magni accusantium.,https://api.holo-ai.com/avatars/cid-30ddb5488731.png,1,MAYORES_18,aprobado,2026-08-18 12:57:35,0,No binario,"fantasia, anime",,,bucle_portadas,https://api.holo-ai.com/animados/cid-30ddb5488731.gif
116,CID-085959C54E7D,8.0,42.0,   Heidy Acevedo ,Ducimus accusamus ratione exercitationem quasi occaecati quo quasi ex aliquid.,https://api.holo-ai.com/avatars/cid-085959c54e7d.png,1,TODO_PUBLICO,en_revision,2025-12-07 07:18:57,0,Desconocido,ia,,,estatico,
117,CID-8B8F988F7D57,9.0,34.0,Ruth Franco,Voluptatem laboriosam delectus consequatur quaerat velit alias dicta ratione suscipit et.,https://api.holo-ai.com/avatars/cid-8b8f988f7d57.png,1,TODO_PUBLICO,pendiente,2025-06-07 01:06:55,0,Desconocido,"ia, magia, anime, cyberpunk",,,bucle_portadas,https://api.holo-ai.com/animados/cid-8b8f988f7d57.gif
118,CID-7EE0727D2572,,25.0,JOSÉ VILLAMIL,Labore alias officia enim similique aliquid omnis earum reiciendis ipsa id ipsam.,,1,TODO_PUBLICO,aprobado,2025-08-05 12:27:46,0,Desconocido,combate,,,animado,https://api.holo-ai.com/animados/cid-7ee0727d2572.webp
119,CID-DE5D0004A945,10.0,46.0,Ruth Díaz,Facilis reiciendis eaque assumenda incidunt inventore voluptatum debitis eos aut eveniet eos.,https://api.holo-ai.com/avatars/cid-de5d0004a945.png,True,NSFW,en_revision,2025-09-20 13:21:15,0,Androide,aventura,,,estatico,
120,CID-0AAB4DA9F28D,2.0,34.0,Alberto Osorio,Expedita aliquam sit explicabo voluptatum earum voluptatem veniam asperiores odit facilis.,https://api.holo-ai.com/avatars/cid-0aab4da9f28d.png,1,TODO_PUBLICO,aprobado,2026-06-23 10:23:35,0,Desconocido,"aventura, asistente, fantasia, combate",,,estatico,
121,CID-676FCC419C11,1.0,2.0,César Pérez,Consequuntur non quos alias architecto quod.,https://api.holo-ai.com/avatars/cid-676fcc419c11.png,1,TODO_PUBLICO,pendiente,2025-07-20 17:44:22,0,Masculino,,,,bucle_portadas,https://api.holo-ai.com/animados/cid-676fcc419c11.webp
122,CID-14BBA1C005FB,2.0,32.0,   JULIETH QUIROGA ,Non perspiciatis veniam fuga quis nemo.,https://api.holo-ai.com/avatars/cid-14bba1c005fb.png,1,MAYORES_18,rechazado,24/11/2025 10:43,0,Desconocido,"asistente, cyberpunk",,,bucle_portadas,https://api.holo-ai.com/animados/cid-14bba1c005fb.webp
123,CID-6F62B7A59BFC,10.0,43.0,   Victoria Álvarez ,Dolorum beatae quasi libero harum natus ea ea ipsum.,https://api.holo-ai.com/avatars/cid-6f62b7a59bfc.png,1,NSFW,rechazado,2026-01-27 11:05:57,0,No binario,"anime, aventura, magia, combate",,,bucle_portadas,
124,CID-5EB81724BA3A,7.0,3.0,Alexandra Alarcón,Dicta consequatur asperiores cupiditate quae voluptatum repellat voluptas voluptates pariatur quae mollitia.,https://api.holo-ai.com/avatars/cid-5eb81724ba3a.png,1,MAYORES_13,3n_r3vision,2025-05-22 17:37:37,0,Masculino,rpg;combate;fantasia;ia,,,bucle_portadas,
125,CID-157534B1F7F3,1.0,12.0,Adolfo Melo,Recusandae magni commodi dicta consequuntur ratione ad mollitia.,https://api.holo-ai.com/avatars/cid-157534b1f7f3.png,1,MAYORES_13,en_revision,22/07/2025 17:53,0,No binario,fantasia,,,estatico,
126,CID-429E3110A3EF,7.0,15.0,Nury Riascos,Nostrum assumenda est voluptatum quaerat minima quisquam.,https://api.holo-ai.com/avatars/cid-429e3110a3ef.png,1,MAYORES_13,rechazado,10/07/2026 17:02,NO,Desconocido,"cyberpunk, estrategia, rpg",,,estatico,
127,CID-208DB51B89B2,7.0,48.0,Carlos Hernández,Odit ipsum perspiciatis exercitationem soluta quos odit delectus vitae inventore.,https://api.holo-ai.com/avatars/cid-208db51b89b2.png,1,NSFW,aprobado,16/09/2026 13:47,0,Femenino,cyberpunk,,,bucle_portadas,https://api.holo-ai.com/animados/cid-208db51b89b2.webp
128,CID-507D85821B7D,3.0,21.0,Gabriel Serrano,Corrupti cum eum quae exercitationem velit tempora sapiente dolorum odio mollitia commodi.,https://api.holo-ai.com/avatars/cid-507d85821b7d.png,1,MAYORES_18,rechazado,2025-06-01 09:56:30,0,Androide,"anime, rpg, estrategia, combate",,,bucle_portadas,https://api.holo-ai.com/animados/cid-507d85821b7d.webp
129,cid-9597b464734a,8.0,2.0,David López,Nihil neque cupiditate numquam temporibus excepturi unde aliquam.,https://api.holo-ai.com/avatars/cid-9597b464734a.png,1,TODO_PUBLICO,aprobado,11/08/2026 02:55,NO,Femenino,,,,animado,
130,CID-72BC607CC600,10.0,42.0,María Gómez,Eaque distinctio nemo nulla adipisci suscipit molestias odit error doloribus rem illo iste.,https://api.holo-ai.com/avatars/cid-72bc607cc600.png,1,TODO_PUBLICO,aprobado,2026-03-28 01:34:09,0,Masculino,"aventura, cyberpunk, ia",,,Animado,https://api.holo-ai.com/animados/cid-72bc607cc600.webp
131,CID-C502F4115F83,1.0,6.0,Luz Mendoza,Iure excepturi corporis similique eum voluptates exercitationem id quis maiores autem dolores.,https://api.holo-ai.com/avatars/cid-c502f4115f83.png,1,MAYORES_18,rechazado,2025-01-12 08:51:21,0,No binario,magia;fantasia;aventura;anime,,,bucle_portadas,https://api.holo-ai.com/animados/cid-c502f4115f83.webp
132,cid-230bb73be2b7,1.0,25.0,Alba Vargas,Amet veniam sint in vitae temporibus repellendus.,https://api.holo-ai.com/avatars/cid-230bb73be2b7.png,0,TODO_PUBLICO,pendiente,2026-10-04 11:16:19,1,No binario,aventura,,,bucle_portadas,https://api.holo-ai.com/animados/cid-230bb73be2b7.gif
133,CID-6D404A4E55E2,4.0,2.0,Carlos Álvarez,Libero maiores libero est ad veniam magnam vitae.,https://api.holo-ai.com/avatars/cid-6d404a4e55e2.png,1,TODO_PUBLICO,pendiente,2025-03-25 07:27:52,0,Femenino,"asistente, combate",,,bucle_portadas,https://api.holo-ai.com/animados/cid-6d404a4e55e2.gif
134,CID-3101655CC93C,10.0,34.0,Juan Martínez,Libero sunt omnis iusto modi sed inventore sunt quas.,https://api.holo-ai.com/avatars/cid-3101655cc93c.png,0,TODO_PUBLICO,rechazado,2026-05-25 12:12:14,1,Masculino,,,,animado,https://api.holo-ai.com/animados/cid-3101655cc93c.gif
135,CID-735B03FD062E,8.0,24.0,Yamile Gómez,Necessitatibus deserunt mollitia asperiores magnam quisquam.,htp://api.holo-ai.com/avatars/cid-735b03fd062e.png,1,TODO_PUBLICO,rechazado,2025-05-14 11:15:11,0,Masculino,"anime, asistente, estrategia",,,estatico,
136,CID-473A51CF35AA,1.0,,Augusto Trujillo,Blanditiis voluptate hic recusandae excepturi vel quidem dicta magni magnam aliquid consequatur ex.,https://api.holo-ai.com/avatars/cid-473a51cf35aa.png,true,TODO_PUBLICO,pendiente,2025-10-12 04:06:46,1,Desconocido,"combate, ia, estrategia, anime",,,animado,https://api.holo-ai.com/animados/cid-473a51cf35aa.webp
137,CID-35EDD9CBDE31,4.0,26.0,José Sánchez,Consequuntur ut et hic nulla sapiente nisi magni magni laudantium natus labore.,https://api.holo-ai.com/avatars/cid-35edd9cbde31.png,1,MAYORES_13,pendiente,2024-10-22 03:01:02,0,No binario,,,,animado,https://api.holo-ai.com/animados/cid-35edd9cbde31.webp
138,CID-E088C86E7251,5.0,16.0,AURA GIL,Nesciunt reiciendis quas porro ad labore voluptas quos quod neque quam.,https://api.holo-ai.com/avatars/cid-e088c86e7251.png,1,MAYORES_13,en_revision,2026-01-05 10:32:39,1,Androide,"estrategia, asistente, rpg",,,bucle_portadas,https://api.holo-ai.com/animados/cid-e088c86e7251.webp
139,CID-E7E4B65F72E4,4.0,20.0,Yeimy Silva,Quo fugit reprehenderit doloribus nemo praesentium deleniti ipsam in impedit dignissimos magnam nostrum.,https://api.holo-ai.com/avatars/cid-e7e4b65f72e4.png,1,MAYORES_13,en_revision,2025-10-10 12:14:41,0,Androide,rpg;asistente,,,animado,
140,CID-381431117EA3,9.0,12.0,Omar Galvis,Provident maxime natus voluptatum laboriosam fugiat.,https://api.holo-ai.com/avatars/cid-381431117ea3.png,1,TODO_PUBLICO,en_revision,2025-02-20 17:14:10,0,No binario,asistente,,,animado,https://api.holo-ai.com/animados/cid-381431117ea3.webp
141,CID-BBDFEC147C10,6.0,50.0,Matilde Lozano,Explicabo quo quam officia possimus nostrum deleniti doloribus nam dolore voluptate error.,https://api.holo-ai.com/avatars/cid-bbdfec147c10.png,1,NSFW,en_revision,2025-05-21 16:18:34,0,No binario,combate,,,animado,https://api.holo-ai.com/animados/cid-bbdfec147c10.webp
142,CID-55ECF700485F,9.0,41.0,DIEGO BARRIOS,Et expedita ut recusandae earum commodi perspiciatis fugit voluptatem repellendus veritatis rem.,https://api.holo-ai.com/avatars/cid-55ecf700485f.png,1,NSFW,aprobado,2025-05-22 19:18:42,1,Desconocido,"magia, rpg",,,bucle_portadas,https://api.holo-ai.com/animados/cid-55ecf700485f.webp
143,CID-4B8855E397CF,5.0,1.0,María Pedraza,Expedita ipsam ducimus laboriosam dicta molestiae ut.,https://api.holo-ai.com/avatars/cid-4b8855e397cf.png,1,TODO_PUBLICO,aprobado,2026-04-02 22:27:20,0,No binario,"rpg, magia, fantasia",,,estatico,
144,CID-8B42A3AB33DB,7.0,46.0,Luisa González,Dolores amet temporibus dolorem doloremque aut ex iusto perspiciatis consequuntur vitae voluptate culpa.,,1,TODO_PUBLICO,aprobado,2026-02-28 07:41:08,0,Femenino,"aventura, anime",,,  animado  ,https://api.holo-ai.com/animados/cid-8b42a3ab33db.webp
145,CID-E06BB9D7F0C4,6.0,40.0,Ignacio Monsalve,Officiis quidem enim eligendi animi quisquam officiis doloremque qui sed alias ullam.,https://api.holo-ai.com/avatars/cid-e06bb9d7f0c4.png,1,TODO_PUBLICO,pendiente,29/08/2025 18:49,0,Masculino,"fantasia, cyberpunk",,,estatico,
146,CID-13F69B7AA05B,9.0,6.0,ALONSO DÍAZ,Voluptatum id libero vel vitae unde.,https://api.holo-ai.com/avatars/cid-13f69b7aa05b.png,1,MAYORES_13,en_revision,2026-08-21 04:33:33,SI,Androide,"estrategia, asistente, aventura",,,animado,https://api.holo-ai.com/animados/cid-13f69b7aa05b.gif
147,CID-209B207EDADE,9.0,37.0,María Jiménez,,https://api.holo-ai.com/avatars/cid-209b207edade.png,0,MAYORES_18,4prob4do,2026-01-20 09:34:15,0,Desconocido,"asistente, anime, estrategia, fantasia",,,bucle_portadas,https://api.holo-ai.com/animados/cid-209b207edade.webp
148,CID-E9AE584D1570,8.0,10.0,Sandra Riascos,Iste odit minima suscipit consequatur magnam earum repellat ex.,https://api.holo-ai.com/avatars/cid-e9ae584d1570.png,1,NSFW,aprobado,2026-04-30 01:55:56,0,Androide,"fantasia, asistente",,,animado,https://api.holo-ai.com/animados/cid-e9ae584d1570.gif
149,CID-A3420B21F591,6.0,45.0,Irma Muñoz,Accusamus excepturi eos perferendis deserunt nostrum odit illo.,https://api.holo-ai.com/avatars/cid-a3420b21f591.png,0,TODO_PUBLICO,pendiente,2025-09-06 09:50:54,0,Desconocido,"anime, magia, aventura",2025-09-14 09:50:54,Contenido duplicado o spam,  bucle_portadas  ,https://api.holo-ai.com/animados/cid-a3420b21f591.gif
150,CID-E0DB5DD413DE,8.0,48.0,José García,,https://api.holo-ai.com/avatars/cid-e0db5dd413de.png,1,NSFW,aprobado,2026-03-13 00:42:55,NO,Femenino,"ia, magia, cyberpunk",,,animado,https://api.holo-ai.com/animados/cid-e0db5dd413de.webp
151,CID-38511F83B40E,3.0,13.0,Diana Bejarano,Eum dolorum ea doloremque quidem veritatis error quam accusamus officiis possimus aperiam.,htp://api.holo-ai.com/avatars/cid-38511f83b40e.png,1,NSFW,pendiente,09/01/2025 00:45,0,Femenino,estrategia,,,bucle_portadas,https://api.holo-ai.com/animados/cid-38511f83b40e.gif
152,CID-513431C1E93B,4.0,36.0,Yuri Pérez,Unde suscipit quo porro odit velit facilis dolore vero laboriosam iste voluptates.,https://api.holo-ai.com/avatars/cid-513431c1e93b.png,1,TODO_PUBLICO,pendiente,2025-07-26 09:45:13,0,Masculino,"anime, estrategia, fantasia",,,estatico,
153,CID-96BEA4446953,10.0,25.0,   Marta Caicedo ,Quidem reiciendis repudiandae quis perspiciatis nisi ratione minima minus facere totam beatae.,https://api.holo-ai.com/avatars/cid-96bea4446953.png,1,NSFW,en_revision,2026-07-14 22:21:00,0,Masculino,aventura;cyberpunk;rpg;fantasia,,,estatico,
154,CID-54380245AF92,1.0,46.0,   Luis Mora ,Modi cum sequi ipsam perspiciatis quaerat laborum tempore ipsum animi consequatur impedit natus.,https://api.holo-ai.com/avatars/cid-54380245af92.png,1,TODO_PUBLICO,en_revision,2025-12-17 05:37:00,0,Femenino,"cyberpunk, rpg, estrategia, anime",,,animado,https://api.holo-ai.com/animados/cid-54380245af92.webp
155,CID-11DF35A8C130,,6.0,Lucila Arévalo,Id repellendus quia neque aliquid exercitationem.,https://api.holo-ai.com/avatars/cid-11df35a8c130.png,false,MAYORES_13,en_revision,27/11/2024 17:27,0,Androide,"anime, cyberpunk",,,animado,
156,CID-A7A01ED296E4,5.0,16.0,Andrés Martínez,,https://api.holo-ai.com/avatars/cid-a7a01ed296e4.png,1,TODO_PUBLICO,en_revision,2026-09-03 18:19:19,False,Femenino,"combate, estrategia, ia, aventura",,,estatico,
157,CID-749F3AE144B4,8.0,43.0,Patricia Saavedra,Enim debitis consequatur odit quas vitae.,,1,TODO_PUBLICO,en_revision,27/07/2025 01:20,0,Femenino,"combate, estrategia, aventura, anime",,,animado,https://api.holo-ai.com/animados/cid-749f3ae144b4.webp
158,CID-AE8AFB21D71A,10.0,43.0,Osvaldo Flórez,Fugiat placeat optio molestiae officiis expedita debitis modi minus quas.,https://api.holo-ai.com/avatars/cid-ae8afb21d71a.png,0,MAYORES_13,en_revision,31/03/2025 04:07,0,Femenino,"estrategia, magia, fantasia, ia",,,estatico,
159,cid-e7fa1f187d06,9.0,46.0,Fredy Tovar,Iure quaerat incidunt fugit dolorem itaque culpa deleniti soluta.,https://api.holo-ai.com/avatars/cid-e7fa1f187d06.png,1,MAYORES_13,pendiente,2026-05-26 18:38:54,0,,ia;cyberpunk;fantasia,,,bucle_portadas,https://api.holo-ai.com/animados/cid-e7fa1f187d06.webp
160,CID-762D37E28F42,3.0,31.0,Martha Montes,Nostrum vel suscipit dolores architecto nisi ipsum perferendis sit doloribus aliquid.,https://api.holo-ai.com/avatars/cid-762d37e28f42.png,1,TODO_PUBLICO,Aprobado,2025-09-15 03:44:30,0,Femenino,"estrategia, asistente, rpg, cyberpunk",,,estatico,
161,CID-E15F2B77E59D,,37.0,Cristina Rojas,,,0,TODO_PUBLICO,3n_r3vision,11/08/2026 01:58,0,Desconocido,"asistente, estrategia, combate, rpg",,,animado,
162,CID-4562558345EC,1.0,32.0,JAIME HERNÁNDEZ,Doloremque totam nemo neque quo repellendus dolores soluta voluptates.,https://api.holo-ai.com/avatars/cid-4562558345ec.png,0,MAYORES_18,en_revision,18/11/2025 01:42,0,Masculino,asistente;fantasia;ia,,,ESTATICO,
163,CID-A19494E3B2B8,7.0,39.0,Inés Suárez,Nam nihil quasi cupiditate perspiciatis nam.,https://api.holo-ai.com/avatars/cid-a19494e3b2b8.png,S,MAYORES_13,aprobado,2024-11-14 14:51:53,1,Masculino,"magia, rpg",,,bucle_portadas,https://api.holo-ai.com/animados/cid-a19494e3b2b8.gif
164,CID-AED74C4CDC16,2.0,47.0,Santos Ibarra,Ratione eum impedit corrupti fugiat quidem labore sed error provident.,https://api.holo-ai.com/avatars/cid-aed74c4cdc16.png,1,TODO_PUBLICO,rechazado,2026-06-27 01:38:17,0,Masculino,"estrategia, combate, magia",,,animado,https://api.holo-ai.com/animados/cid-aed74c4cdc16.webp
165,CID-B50892D92505,5.0,10.0,Gladis Martínez,Voluptas nam consequatur doloribus dignissimos officia ullam sed at quam deleniti.,htp://api.holo-ai.com/avatars/cid-b50892d92505.png,1,TODO_PUBLICO,pendiente,05/05/2025 17:22,0,,,,,estatico,
166,CID-DFDCC6E080D8,2.0,2.0,LEONOR CALDERÓN,Sit deleniti quis quam nam laboriosam.,https://api.holo-ai.com/avatars/cid-dfdcc6e080d8.png,1,NSFW,pendiente,2026-08-15 13:02:57,0,No binario,"combate, rpg, estrategia",,,estatico,
167,cid-5add56329e62,3.0,33.0,Nicolás Suárez,Distinctio deleniti qui quia quidem totam.,https://api.holo-ai.com/avatars/cid-5add56329e62.png,0,NSFW,rechazado,02/04/2026 12:17,0,Masculino,"ia, rpg, fantasia, anime",,,bucle_portadas,https://api.holo-ai.com/animados/cid-5add56329e62.gif
168,CID-3E66998AA508,9.0,31.0,Alberto Ramírez,Mollitia quod fugit modi facere ea maiores libero atque.,https://api.holo-ai.com/avatars/cid-3e66998aa508.png,1,MAYORES_13,pendiente,2026-04-23 07:38:49,1,Femenino,"ia, rpg, estrategia",,,bucle_portadas,https://api.holo-ai.com/animados/cid-3e66998aa508.webp
169,CID-E0C95D7CB676,3.0,33.0,   Yuly Villa ,Fuga impedit natus dolore corporis ea vel neque.,https://api.holo-ai.com/avatars/cid-e0c95d7cb676.png,1,MAYORES_13,rechazado,2025-08-29 13:06:05,1,Desconocido,,,,animado,
170,CID-BCED32B0A6CB,9.0,3.0,   Elizabeth Ramírez ,Fugit rerum libero omnis placeat ducimus reprehenderit vitae.,https://api.holo-ai.com/avatars/cid-bced32b0a6cb.png,1,MAYORES_18,rechazado,2026-02-19 14:56:00,0,No binario,,,,bucle_portadas,
171,CID-86864587CE68,1.0,10.0,JAIRO CRUZ,Cumque quam laborum totam molestiae odit animi alias sed veniam.,https://api.holo-ai.com/avatars/cid-86864587ce68.png,0,MAYORES_18,pendiente,2026-03-12 05:19:21,0,Masculino,anime,,,bucle_portadas,https://api.holo-ai.com/animados/cid-86864587ce68.webp
172,CID-1CB482196BF4,3.0,20.0,LUZ RODRÍGUEZ,Sapiente doloremque provident ab magni fuga nulla.,https://api.holo-ai.com/avatars/cid-1cb482196bf4.png,1,NSFW,aprobado,2026-03-11 02:05:27,0,Femenino,asistente,,,bucle_portadas,https://api.holo-ai.com/animados/cid-1cb482196bf4.gif
173,CID-F48CA8E45045,1.0,50.0,Oswaldo Barreto,Accusamus minus illum accusantium quam modi enim magnam praesentium inventore velit debitis.,,1,MAYORES_13,pendiente,22/09/2026 06:33,0,Masculino,"combate, ia, estrategia",,,3st4tico,
174,CID-B0F287B6160C,1.0,21.0,   Diana Sánchez ,Nulla dolorum explicabo recusandae aspernatur vero itaque doloribus.,https://api.holo-ai.com/avatars/cid-b0f287b6160c.png,0,NSFW,en_revision,03/04/2026 18:18,0,Androide,"rpg, fantasia",,,animado,https://api.holo-ai.com/animados/cid-b0f287b6160c.webp
175,CID-942D3633E7F9,9.0,39.0,Lorena Duque,Officiis similique quis atque fugit mollitia animi.,https://api.holo-ai.com/avatars/cid-942d3633e7f9.png,S,NSFW,aprobado,2024-10-16 13:02:45,1,Androide,"aventura, fantasia",,,estatico,
176,CID-7C6A26745F87,6.0,50.0,Diego García,Officia ex voluptate voluptate tempora ullam dolorem temporibus porro necessitatibus earum.,https://api.holo-ai.com/avatars/cid-7c6a26745f87.png,1,MAYORES_18,rechazado,2026-09-27 00:27:33,0,No binario,,,,bucle_portadas,https://api.holo-ai.com/animados/cid-7c6a26745f87.webp
177,CID-80E76F4D7423,2.0,6.0,Patricia Velandia,Natus adipisci ut et vero nesciunt quibusdam quae id aspernatur cum dolores.,https://api.holo-ai.com/avatars/cid-80e76f4d7423.png,1,TODO_PUBLICO,pendiente,2026-07-19 11:53:45,0,Androide,anime;estrategia;fantasia,,,bucle_portadas,https://api.holo-ai.com/animados/cid-80e76f4d7423.webp
178,CID-AB557C12BE22,5.0,36.0,Gustavo Buitrago,Ex quidem consequuntur voluptates quam magnam voluptate amet ipsa saepe excepturi quisquam.,https://api.holo-ai.com/avatars/cid-ab557c12be22.png,0,NSFW,rechazado,2026-01-14 19:49:55,0,,fantasia,2026-02-14 19:49:55,Infraccion de normas comunitarias,animado,https://api.holo-ai.com/animados/cid-ab557c12be22.webp
179,CID-539A35B1B7D3,2.0,21.0,Rosalba Perdomo,Odio quos iste dolorem mollitia fugiat.,https://api.holo-ai.com/avatars/cid-539a35b1b7d3.png,1,MAYORES_18,aprobado,02/03/2025 11:17,1,Femenino,aventura,,,animado,https://api.holo-ai.com/animados/cid-539a35b1b7d3.gif
180,CID-60547C0C0E76,9.0,6.0,Manuel Durán,Quo eos doloribus asperiores eaque fugit quos.,https://api.holo-ai.com/avatars/cid-60547c0c0e76.png,True,NSFW,EN_REVISION,2025-02-06 00:48:41,0,Desconocido,"fantasia, anime, asistente",,,estatico,
181,CID-5BB45717C964,2.0,46.0,Jairo Ruiz,,https://api.holo-ai.com/avatars/cid-5bb45717c964.png,1,TODO_PUBLICO,pendiente,2024-12-30 23:08:06,0,Desconocido,"estrategia, combate",,,bucle_portadas,
182,CID-CF0B943F5C76,5.0,20.0,Andrea Valderrama,Facere earum consequatur deleniti ipsum mollitia illum ad explicabo at nisi.,https://api.holo-ai.com/avatars/cid-cf0b943f5c76.png,0,MAYORES_18,en_revision,2025-06-18 04:42:05,1,Masculino,,,,animado,https://api.holo-ai.com/animados/cid-cf0b943f5c76.gif
183,CID-FD00C0B3B751,7.0,24.0,Wilson Rodríguez,Harum assumenda temporibus temporibus voluptatem nemo cumque fugit consequuntur error laudantium.,https://api.holo-ai.com/avatars/cid-fd00c0b3b751.png,1,MAYORES_13,pendiente,2024-11-27 08:16:01,0,Masculino,"ia, rpg, cyberpunk",2024-12-08 08:16:01,Violacion de derechos de autor,estatico,
184,CID-71CAC2570E07,1.0,35.0,Claudia Castro,Laborum asperiores dolorum doloribus numquam nisi deserunt autem esse.,htp://api.holo-ai.com/avatars/cid-71cac2570e07.png,1,NSFW,aprobado,12/08/2025 13:06,0,Desconocido,"anime, ia, combate, estrategia",,,bucle_portadas,https://api.holo-ai.com/animados/cid-71cac2570e07.gif
185,CID-1A0AD2786AD7,10.0,18.0,Vanessa Beltrán,Ipsam inventore reprehenderit officiis nisi error nobis possimus laboriosam debitis.,https://api.holo-ai.com/avatars/cid-1a0ad2786ad7.png,1,NSFW,pendiente,2025-08-14 12:36:20,1,,cyberpunk,,,animado,https://api.holo-ai.com/animados/cid-1a0ad2786ad7.webp
186,CID-22A461476795,3.0,10.0,Eder Jiménez,Voluptas quos eveniet eligendi ratione facilis ut dicta voluptatum debitis quisquam ad.,https://api.holo-ai.com/avatars/cid-22a461476795.png,1,TODO_PUBLICO,rechazado,2026-04-27 01:07:17,0,No binario,aventura,,,animado,https://api.holo-ai.com/animados/cid-22a461476795.gif
187,CID-FA699E3C9982,,16.0,Esmeralda Toro,Reiciendis rerum architecto sed recusandae perferendis consequuntur esse dolorum culpa incidunt.,https://api.holo-ai.com/avatars/cid-fa699e3c9982.png,1,TODO_PUBLICO,pendiente,2025-07-29 00:30:00,0,Masculino,"aventura, asistente, fantasia",,,bucle_portadas,https://api.holo-ai.com/animados/cid-fa699e3c9982.gif
188,CID-5BA92F1050FA,9.0,15.0,Patricia Arroyo,Neque modi unde sit in alias voluptas praesentium repellat nisi totam autem.,https://api.holo-ai.com/avatars/cid-5ba92f1050fa.png,1,TODO_PUBLICO,pendiente,2025-04-20 00:14:33,1,Femenino,"fantasia, estrategia",,,bucl3_port4d4s,https://api.holo-ai.com/animados/cid-5ba92f1050fa.webp
189,CID-E6BD565B5BB9,9.0,16.0,Alexander Mosquera,Aliquid voluptates perspiciatis id quibusdam vitae inventore ab ea magni maxime neque nemo.,https://api.holo-ai.com/avatars/cid-e6bd565b5bb9.png,1,TODO_PUBLICO,en_revision,20/09/2025 10:47,0,No binario,"ia, aventura, asistente, estrategia",,,bucle_portadas,https://api.holo-ai.com/animados/cid-e6bd565b5bb9.webp
190,CID-CDD0C8DE85C7,1.0,36.0,Katherine Restrepo,Porro corrupti voluptatum laboriosam eos ullam assumenda rerum quas expedita exercitationem quos maxime.,https://api.holo-ai.com/avatars/cid-cdd0c8de85c7.png,1,MAYORES_18,en_revision,2025-07-06 17:40:12,0,Desconocido,"ia, anime, cyberpunk, fantasia",,,bucle_portadas,https://api.holo-ai.com/animados/cid-cdd0c8de85c7.gif
191,CID-ACB155E7D01A,5.0,44.0,Delia Mendoza,Eum error repellat beatae sed officia perspiciatis cum voluptates doloribus cupiditate.,htp://api.holo-ai.com/avatars/cid-acb155e7d01a.png,1,MAYORES_18,aprobado,2025-02-10 14:01:40,0,No binario,"magia, combate, fantasia",,,animado,https://api.holo-ai.com/animados/cid-acb155e7d01a.gif
192,CID-8813EC8BD9E2,4.0,46.0,Vanessa Osorio,Doloremque illo delectus odit inventore adipisci nostrum deserunt nihil harum provident.,https://api.holo-ai.com/avatars/cid-8813ec8bd9e2.png,0,MAYORES_13,en_revision,18/03/2025 00:58,0,No binario,aventura,2025-05-03 00:58:57,Violacion de derechos de autor,  estatico  ,
193,CID-A7F21AB1C122,8.0,36.0,Yaneth Rueda,,,1,TODO_PUBLICO,pendiente,2026-06-19 11:32:51,1,,"fantasia, cyberpunk, rpg",,,bucle_portadas,https://api.holo-ai.com/animados/cid-a7f21ab1c122.webp
194,CID-2FECFF2BFECB,3.0,23.0,Luz López,Deleniti eveniet itaque ea similique minus odit nisi nostrum nesciunt expedita sapiente.,https://api.holo-ai.com/avatars/cid-2fecff2bfecb.png,1,NSFW,rechazado,2026-01-31 17:21:23,0,No binario,,2026-03-27 17:21:00,Solicitud del creador,estatico,
195,CID-DB00206A1505,10.0,14.0,Carolina Gil,Ullam nihil perferendis est dolores blanditiis fuga consequuntur harum.,https://api.holo-ai.com/avatars/cid-db00206a1505.png,1,TODO_PUBLICO,aprobado,2026-01-15 11:03:54,0,Femenino,fantasia,,,animado,https://api.holo-ai.com/animados/cid-db00206a1505.gif
196,CID-BEBACEA82B12,6.0,24.0,Marcela Flórez,Laborum modi ullam ut cupiditate cumque enim deleniti.,https://api.holo-ai.com/avatars/cid-bebacea82b12.png,1,MAYORES_18,en_revision,2026-07-25 04:37:26,0,,"aventura, cyberpunk, estrategia",,,animado,https://api.holo-ai.com/animados/cid-bebacea82b12.gif
197,CID-05BA5D24C6AC,4.0,16.0,Susana Martínez,Veritatis laborum deserunt fugit natus officiis illum laudantium quae ipsam.,https://api.holo-ai.com/avatars/cid-05ba5d24c6ac.png,1,MAYORES_13,pendiente,2025-02-16 02:42:46,0,Masculino,"rpg, anime, ia, estrategia",,,animado,https://api.holo-ai.com/animados/cid-05ba5d24c6ac.webp
198,CID-BEFC0338460A,9.0,45.0,Ana Gómez,Eos eius modi cumque itaque quia quisquam mollitia.,https://api.holo-ai.com/avatars/cid-befc0338460a.png,1,MAYORES_13,en_revision,05/01/2025 03:17,0,Desconocido,"anime, aventura, estrategia",,,bucle_portadas,https://api.holo-ai.com/animados/cid-befc0338460a.webp
199,CID-3B5AC5E79EF8,10.0,21.0,Carlos Ortiz,Reprehenderit facilis reprehenderit aliquam quaerat molestias voluptatibus aut rerum quibusdam error voluptatum.,https://api.holo-ai.com/avatars/cid-3b5ac5e79ef8.png,1,MAYORES_18,en_revision,23/09/2025 12:30,0,No binario,,,,bucle_portadas,https://api.holo-ai.com/animados/cid-3b5ac5e79ef8.webp
200,CID-4BC59B90891A,7.0,12.0,Lina Prieto,Ipsa voluptatibus quod dolores repellat nihil expedita.,https://api.holo-ai.com/avatars/cid-4bc59b90891a.png,1,MAYORES_18,en_revision,2026-04-14 06:17:45,1,Femenino,"rpg, asistente",,,animado,
201,CID-6C9F31AB6CC5,2.0,49.0,David Osorio,,https://api.holo-ai.com/avatars/cid-6c9f31ab6cc5.png,1,MAYORES_18,aprobado,30/01/2026 18:46,1,Femenino,"magia, combate",,,animado,https://api.holo-ai.com/animados/cid-6c9f31ab6cc5.gif
202,CID-D811E3814C40,6.0,,Isabel Rojas,,https://api.holo-ai.com/avatars/cid-d811e3814c40.png,1,TODO_PUBLICO,rechazado,18/03/2025 22:34,0,Masculino,fantasia,,,animado,
203,CID-6E314CE91FEF,6.0,32.0,Ricardo Jaramillo,Eligendi molestiae eum provident enim eaque similique voluptates perspiciatis atque vitae quos.,https://api.holo-ai.com/avatars/cid-6e314ce91fef.png,1,MAYORES_18,rechazado,22/09/2026 19:58,0,Desconocido,asistente;anime;rpg,,,estatico,
204,CID-FD243EBF90B7,2.0,25.0,LUZ CASTRO,,https://api.holo-ai.com/avatars/cid-fd243ebf90b7.png,SI,MAYORES_13,aprobado,2026-03-02 15:40:29,0,No binario,asistente,,,bucle_portadas,https://api.holo-ai.com/animados/cid-fd243ebf90b7.webp
205,CID-398B0EBD9F22,10.0,6.0,Carmen Gaviria,Corporis eum dolorum sapiente hic consequuntur odio occaecati fugiat.,,1,NSFW,en_revision,2024-12-06 20:36:26,0,Androide,"fantasia, ia",,,bucle_portadas,https://api.holo-ai.com/animados/cid-398b0ebd9f22.webp
206,CID-354CA81362D4,6.0,6.0,Fernando Cuéllar,Illo quibusdam possimus soluta iste laborum neque.,https://api.holo-ai.com/avatars/cid-354ca81362d4.png,1,TODO_PUBLICO,en_revision,15/08/2026 02:29,0,No binario,"rpg, asistente",2026-09-16 02:29:47,Solicitud del creador,bucle_portadas,https://api.holo-ai.com/animados/cid-354ca81362d4.gif
207,CID-540F2BE4B6F3,3.0,,Iván Ardila,,https://api.holo-ai.com/avatars/cid-540f2be4b6f3.png,0,NSFW,pendiente,2026-04-29 22:26:26,0,Masculino,cyberpunk,,,animado,https://api.holo-ai.com/animados/cid-540f2be4b6f3.webp
208,CID-E374AA9A126E,1.0,11.0,Miller Acevedo,Sed recusandae id voluptas repudiandae libero eum eligendi molestias consectetur.,https://api.holo-ai.com/avatars/cid-e374aa9a126e.png,1,MAYORES_18,en_revision,2026-08-02 07:11:25,0,,ia,,,estatico,
209,CID-DD70FE481AFF,5.0,22.0,Leydi Herrera,Aliquid numquam saepe accusamus ut culpa.,https://api.holo-ai.com/avatars/cid-dd70fe481aff.png,1,TODO_PUBLICO,rechazado,2025-09-28 18:59:48,0,Androide,"magia, cyberpunk, asistente, rpg",,,bucle_portadas,https://api.holo-ai.com/animados/cid-dd70fe481aff.webp
210,CID-FDCF6FCB2CA6,1.0,8.0,María Bustos,Voluptatum tenetur sunt error soluta soluta at facere.,htp://api.holo-ai.com/avatars/cid-fdcf6fcb2ca6.png,1,MAYORES_13,Aprobado,2024-12-12 05:18:43,0,Desconocido,,,,bucle_portadas,https://api.holo-ai.com/animados/cid-fdcf6fcb2ca6.webp
211,CID-03E2556E5E6A,7.0,31.0,Alicia Rentería,Amet numquam quas quidem inventore at atque distinctio.,https://api.holo-ai.com/avatars/cid-03e2556e5e6a.png,0,MAYORES_18,rechazado,2024-12-08 17:45:54,1,Desconocido,"rpg, aventura",,,estatico,
212,CID-B18C71F7036B,6.0,42.0,Marcela Torres,Ab possimus repellendus voluptates in consequatur architecto fugit quas aut et.,https://api.holo-ai.com/avatars/cid-b18c71f7036b.png,1,NSFW,pendiente,2026-08-24 11:42:25,0,Desconocido,ia,,,animado,https://api.holo-ai.com/animados/cid-b18c71f7036b.webp
213,CID-795B8574CAC8,1.0,48.0,   Karen Flórez ,Odit perspiciatis architecto natus nostrum cum expedita.,https://api.holo-ai.com/avatars/cid-795b8574cac8.png,1,TODO_PUBLICO,  pendiente  ,2025-03-23 16:31:24,0,Femenino,magia,,,estatico,
214,CID-3F4EB7730F65,7.0,28.0,   Antonio Sánchez ,Nulla ipsam dolor tempore consequuntur commodi quas expedita inventore ratione dolorum.,https://api.holo-ai.com/avatars/cid-3f4eb7730f65.png,1,TODO_PUBLICO,aprobado,2026-02-21 21:28:49,0,,combate,,,bucle_portadas,https://api.holo-ai.com/animados/cid-3f4eb7730f65.webp
215,CID-787880F9B082,10.0,42.0,Ana Cortés,Quam eligendi velit ad sed soluta dignissimos non deleniti hic officia quos recusandae.,https://api.holo-ai.com/avatars/cid-787880f9b082.png,1,MAYORES_13,en_revision,2025-04-13 02:31:22,0,Desconocido,"rpg, magia, combate, ia",,,animado,https://api.holo-ai.com/animados/cid-787880f9b082.gif
216,CID-F4F7A68F3EC3,8.0,33.0,Magnolia González,Odit architecto suscipit accusamus facere et harum saepe in molestias cupiditate iusto.,https://api.holo-ai.com/avatars/cid-f4f7a68f3ec3.png,1,NSFW,pendiente,2026-05-30 13:33:52,0,Androide,cyberpunk,,,animado,https://api.holo-ai.com/animados/cid-f4f7a68f3ec3.webp
217,CID-BF9DBDA9AF94,5.0,6.0,Patricia Fernández,Ea aliquam aperiam ratione magni occaecati.,,1,TODO_PUBLICO,  en_revision  ,2025-11-02 09:06:41,0,Desconocido,"magia, ia",2026-01-01 09:06:00,Violacion de derechos de autor,bucle_portadas,https://api.holo-ai.com/animados/cid-bf9dbda9af94.webp
218,CID-0EF0D8FFAA03,9.0,11.0,Sebastián Salazar,Assumenda modi nulla eius est maiores dicta repellat modi hic odio.,https://api.holo-ai.com/avatars/cid-0ef0d8ffaa03.png,1,MAYORES_18,en_revision,2026-07-19 09:34:58,NO,Femenino,"asistente, rpg, cyberpunk",,,animado,https://api.holo-ai.com/animados/cid-0ef0d8ffaa03.gif
219,CID-FEF3CA55BB4B,8.0,20.0,Jesús Franco,Praesentium quas sed animi assumenda ipsa iste non est.,https://api.holo-ai.com/avatars/cid-fef3ca55bb4b.png,1,MAYORES_13,pendiente,2026-05-08 07:03:03,0,No binario,"anime, aventura",,,bucle_portadas,
220,CID-63204890C0E4,5.0,35.0,Alexander Díaz,Provident praesentium cum veritatis minima quos.,https://api.holo-ai.com/avatars/cid-63204890c0e4.png,1,NSFW,rechazado,2026-04-22 00:55:30,0,Masculino,ia,2026-04-26 00:55:30,Solicitud del creador,animado,https://api.holo-ai.com/animados/cid-63204890c0e4.webp
221,CID-5EF79B4A20B4,4.0,43.0,Beatriz Arias,Quasi blanditiis tempore ex inventore minima ea voluptate occaecati.,https://api.holo-ai.com/avatars/cid-5ef79b4a20b4.png,1,MAYORES_18,pendiente,29/10/2025 13:44,0,,combate;aventura;fantasia;rpg,,,bucle_portadas,https://api.holo-ai.com/animados/cid-5ef79b4a20b4.gif
222,CID-74C69EB36A6E,10.0,3.0,Yasmín Mosquera,Similique cumque culpa quo tempora perferendis beatae qui a similique accusamus aliquid.,https://api.holo-ai.com/avatars/cid-74c69eb36a6e.png,1,MAYORES_18,aprobado,2025-07-18 21:53:44,1,Desconocido,"fantasia, rpg, estrategia, asistente",,,animado,https://api.holo-ai.com/animados/cid-74c69eb36a6e.webp
223,CID-861C047D684D,2.0,11.0,Jenny Sánchez,Mollitia totam qui in eum impedit.,https://api.holo-ai.com/avatars/cid-861c047d684d.png,0,MAYORES_18,rechazado,2026-04-21 16:01:19,1,No binario,rpg,,,estatico,
224,cid-4afd381b2466,2.0,20.0,   Angélica Luna ,Fuga magnam temporibus debitis rem voluptatem veritatis architecto iure eligendi sapiente eveniet mollitia.,https://api.holo-ai.com/avatars/cid-4afd381b2466.png,1,MAYORES_18,en_revision,2024-10-15 09:26:17,0,Masculino,"aventura, fantasia, anime",,,estatico,
225,CID-C19204BE3A2F,6.0,34.0,   Eliana Jiménez ,Qui doloribus fuga voluptas voluptatum quod quasi molestias recusandae.,https://api.holo-ai.com/avatars/cid-c19204be3a2f.png,1,MAYORES_13,rechazado,03/02/2025 03:38,0,Desconocido,"aventura, ia, combate, rpg",,,bucle_portadas,https://api.holo-ai.com/animados/cid-c19204be3a2f.webp
226,CID-43A620D1FDA4,,43.0,María Peña,Molestiae odio possimus ab ex quis fugiat qui.,https://api.holo-ai.com/avatars/cid-43a620d1fda4.png,1,TODO_PUBLICO,en_revision,2025-06-05 01:17:44,NO,Masculino,"aventura, estrategia, magia",,,bucle_portadas,https://api.holo-ai.com/animados/cid-43a620d1fda4.webp
227,CID-90107FD5A55E,1.0,10.0,Sandra Contreras,In vero voluptate consequuntur eius aliquam doloremque sapiente impedit.,https://api.holo-ai.com/avatars/cid-90107fd5a55e.png,1,TODO_PUBLICO,pendiente,2026-09-04 19:39:53,NO,Androide,fantasia,,,bucle_portadas,https://api.holo-ai.com/animados/cid-90107fd5a55e.webp
228,CID-E27049C967B7,10.0,9.0,Alicia Bastidas,,https://api.holo-ai.com/avatars/cid-e27049c967b7.png,0,TODO_PUBLICO,aprobado,2024-12-14 03:34:39,0,Masculino,"cyberpunk, asistente",,,animado,https://api.holo-ai.com/animados/cid-e27049c967b7.gif
229,CID-679F8638566F,10.0,7.0,Carlos Mora,Asperiores necessitatibus ipsa vitae dolores ea et reiciendis praesentium quasi et.,https://api.holo-ai.com/avatars/cid-679f8638566f.png,1,TODO_PUBLICO,4prob4do,2025-05-08 10:30:24,0,No binario,"estrategia, combate, cyberpunk",,,animado,https://api.holo-ai.com/animados/cid-679f8638566f.webp
230,CID-7C448BB303C2,7.0,10.0,CRISTINA BARBOSA,Quod nesciunt culpa cum iure illo modi.,htp://api.holo-ai.com/avatars/cid-7c448bb303c2.png,1,MAYORES_18,pendiente,2026-05-30 12:59:59,0,No binario,aventura,,,estatico,
231,CID-4FCB0B920C61,,36.0,Adriana Álvarez,Sequi at rem esse provident nobis dolor sequi corporis.,https://api.holo-ai.com/avatars/cid-4fcb0b920c61.png,True,MAYORES_18,pendiente,2026-04-14 13:49:00,0,No binario,"asistente, aventura",,,bucle_portadas,https://api.holo-ai.com/animados/cid-4fcb0b920c61.webp
232,CID-1B6051460566,1.0,11.0,Esther Mosquera,Aliquid error reprehenderit cupiditate veritatis sequi nam mollitia atque aut recusandae commodi.,https://api.holo-ai.com/avatars/cid-1b6051460566.png,0,NSFW,aprobado,26/11/2024 02:28,0,,fantasia,,,animado,https://api.holo-ai.com/animados/cid-1b6051460566.webp
233,cid-12761dcfb891,1.0,18.0,Álvaro Riascos,Dicta id placeat vel assumenda nesciunt totam.,,1,NSFW,rechazado,06/12/2024 10:44,0,Desconocido,"estrategia, rpg",,,estatico,
234,CID-80A513C7A30D,,20.0,María Martínez,Repellat at sed repellat commodi velit amet unde inventore quam libero.,https://api.holo-ai.com/avatars/cid-80a513c7a30d.png,1,NSFW,rechazado,2025-08-02 11:28:32,0,No binario,"magia, estrategia, rpg, asistente",,,estatico,
235,CID-9299BA136AB3,10.0,38.0,Manuel Pérez,,https://api.holo-ai.com/avatars/cid-9299ba136ab3.png,1,MAYORES_13,rechazado,2025-03-24 23:28:48,0,Masculino,aventura,,,bucle_portadas,https://api.holo-ai.com/animados/cid-9299ba136ab3.webp
236,CID-8959D69A2213,,35.0,Ferney Castro,Sunt alias nulla doloribus eos illum mollitia aperiam eius consequatur dicta.,https://api.holo-ai.com/avatars/cid-8959d69a2213.png,1,MAYORES_13,rechazado,2026-08-27 08:00:00,0,Desconocido,anime;magia;combate,,,bucle_portadas,https://api.holo-ai.com/animados/cid-8959d69a2213.webp
237,CID-B854124BCF73,8.0,8.0,Orlando Vargas,Recusandae voluptatibus quos facere molestias laborum totam magnam harum debitis eum dolor.,https://api.holo-ai.com/avatars/cid-b854124bcf73.png,1,MAYORES_13,en_revision,2026-09-04 23:08:51,0,,"fantasia, combate, cyberpunk, anime",,,bucle_portadas,https://api.holo-ai.com/animados/cid-b854124bcf73.gif
238,cid-3021d2ef5cef,6.0,30.0,   Edwin Castro ,Minus quisquam voluptatum voluptate aut omnis eaque repellendus totam animi voluptatum dolor.,https://api.holo-ai.com/avatars/cid-3021d2ef5cef.png,0,MAYORES_18,aprobado,2026-07-28 16:52:49,0,No binario,"estrategia, aventura, anime",,,bucle_portadas,https://api.holo-ai.com/animados/cid-3021d2ef5cef.webp
239,CID-3EDF7B6278FD,8.0,16.0,Josué Giraldo,Debitis nihil rem possimus totam adipisci praesentium veniam.,https://api.holo-ai.com/avatars/cid-3edf7b6278fd.png,1,MAYORES_18,rechazado,2025-12-20 23:16:06,NO,Desconocido,aventura,,,estatico,
240,CID-24C4C88BEA97,1.0,32.0,ISABEL NÚÑEZ,Molestiae cupiditate alias animi nobis accusantium labore ex nostrum rem exercitationem debitis.,https://api.holo-ai.com/avatars/cid-24c4c88bea97.png,0,MAYORES_18,aprobado,2026-06-24 11:09:27,0,No binario,magia,,,bucle_portadas,https://api.holo-ai.com/animados/cid-24c4c88bea97.gif
241,CID-513585D1DF43,,15.0,Santiago Valencia,,https://api.holo-ai.com/avatars/cid-513585d1df43.png,0,TODO_PUBLICO,pendiente,2024-10-26 05:22:04,1,Femenino,"estrategia, ia, cyberpunk, aventura",,,animado,https://api.holo-ai.com/animados/cid-513585d1df43.webp
242,CID-EEDB14BD415E,3.0,26.0,MILENA RUEDA,Quo sed similique vero fuga velit hic.,https://api.holo-ai.com/avatars/cid-eedb14bd415e.png,1,MAYORES_13,rechazado,26/12/2024 16:15,False,Androide,fantasia,,,Estatico,
243,CID-611E451B694D,3.0,33.0,Mary Ruiz,Quasi ipsa odit laborum et provident natus suscipit.,https://api.holo-ai.com/avatars/cid-611e451b694d.png,1,MAYORES_13,aprobado,2026-01-28 21:14:47,0,Desconocido,aventura,2026-02-28 21:14:00,Solicitud del creador,bucle_portadas,https://api.holo-ai.com/animados/cid-611e451b694d.webp
244,CID-E3072FFDB231,10.0,41.0,   Fabián Torres ,Repellendus fugiat quasi eos debitis a praesentium nemo sed quo necessitatibus delectus et.,htp://api.holo-ai.com/avatars/cid-e3072ffdb231.png,1,NSFW,pendiente,2026-06-29 10:08:08,0,Androide,"estrategia, combate, asistente",,,estatico,
245,CID-6D76BEAA9B47,1.0,18.0,Fidel Torres,Aut libero ex aspernatur expedita eum odio vitae reprehenderit pariatur quas excepturi accusamus.,https://api.holo-ai.com/avatars/cid-6d76beaa9b47.png,true,TODO_PUBLICO,aprobado,21/03/2025 01:40,0,Masculino,fantasia;rpg;asistente;anime,,,bucle_portadas,https://api.holo-ai.com/animados/cid-6d76beaa9b47.gif
246,CID-1B79787DD537,9.0,23.0,Tatiana Martínez,Ratione quam aliquid ipsa in cumque impedit sunt expedita.,https://api.holo-ai.com/avatars/cid-1b79787dd537.png,1,MAYORES_13,EN_REVISION,2025-07-27 17:52:04,N,Femenino,"aventura, estrategia, magia",,,animado,https://api.holo-ai.com/animados/cid-1b79787dd537.gif
247,CID-ACEFF5B50437,2.0,42.0,Diana Acosta,Officiis porro cum asperiores sapiente eos eum veritatis asperiores cumque fugiat quasi molestias.,htp://api.holo-ai.com/avatars/cid-aceff5b50437.png,1,MAYORES_13,aprobado,2026-09-06 19:07:47,0,No binario,anime,,,estatico,
248,CID-16342E4D4E3C,2.0,30.0,Bryan Quintero,Tempora provident inventore officiis non ipsa amet ex voluptate illum mollitia unde molestiae.,https://api.holo-ai.com/avatars/cid-16342e4d4e3c.png,0,MAYORES_13,rechazado,06/03/2026 07:19,S,,"asistente, aventura, cyberpunk, rpg",2026-04-25 07:19:09,Solicitud del creador,bucle_portadas,https://api.holo-ai.com/animados/cid-16342e4d4e3c.webp
249,CID-D873597A8A6D,3.0,42.0,Blanca Moreno,Hic mollitia laudantium amet a assumenda.,https://api.holo-ai.com/avatars/cid-d873597a8a6d.png,0,MAYORES_13,pendiente,2026-07-11 03:26:27,0,Masculino,"combate, cyberpunk",,,animado,https://api.holo-ai.com/animados/cid-d873597a8a6d.webp
250,CID-DC040608B9EF,8.0,,Alexander Carvajal,Atque dignissimos odit voluptate labore blanditiis quos iusto.,https://api.holo-ai.com/avatars/cid-dc040608b9ef.png,0,MAYORES_18,rechazado,04/09/2026 06:36,N,Femenino,"magia, asistente",,,animado,https://api.holo-ai.com/animados/cid-dc040608b9ef.webp
251,CID-E9B6B83A3C06,8.0,18.0,   Alexander López ,Harum fuga fugit delectus aliquid ipsam ea saepe natus corrupti possimus atque.,https://api.holo-ai.com/avatars/cid-e9b6b83a3c06.png,1,MAYORES_18,rechazado,12/03/2026 03:56,0,Desconocido,"fantasia, rpg, magia, aventura",,,estatico,
252,CID-2A9BE4C2B481,7.0,7.0,Nubia Ríos,Dolorem aperiam harum minima vitae porro vel nemo doloremque error hic sequi alias.,https://api.holo-ai.com/avatars/cid-2a9be4c2b481.png,1,MAYORES_13,pendiente,2025-12-26 21:11:35,0,No binario,cyberpunk,2026-02-08 21:11:35,Contenido duplicado o spam,estatico,
253,CID-5EA772D3607A,8.0,11.0,Raúl Meneses,Corporis veniam ipsum veniam cumque distinctio deserunt aliquam aspernatur placeat dicta reprehenderit corporis.,https://api.holo-ai.com/avatars/cid-5ea772d3607a.png,1,MAYORES_18,pendiente,14/01/2026 09:22,0,Femenino,fantasia;estrategia;aventura;asistente,,,estatico,
254,CID-73D3F9028A2A,9.0,22.0,Rocío Vallejo,Assumenda nam mollitia sequi maxime totam.,https://api.holo-ai.com/avatars/cid-73d3f9028a2a.png,1,NSFW,aprobado,2024-10-18 19:21:35,0,Masculino,"rpg, estrategia, magia, cyberpunk",,,BUCLE_PORTADAS,https://api.holo-ai.com/animados/cid-73d3f9028a2a.webp
255,CID-4C41C505D3A6,9.0,8.0,Fabián Trujillo,,https://api.holo-ai.com/avatars/cid-4c41c505d3a6.png,1,TODO_PUBLICO,RECHAZADO,2025-11-19 02:08:37,0,Femenino,"combate, aventura, magia, anime",2025-12-03 02:08:37,Violacion de derechos de autor,bucle_portadas,
256,CID-525E65AF98B6,5.0,39.0,Julio González,Corporis nihil quis velit unde natus aut.,https://api.holo-ai.com/avatars/cid-525e65af98b6.png,1,MAYORES_18,en_revision,2025-05-19 10:02:21,0,Femenino,asistente;fantasia;estrategia;rpg,,,animado,https://api.holo-ai.com/animados/cid-525e65af98b6.webp
257,CID-46BF22A7C7E9,9.0,8.0,Arturo Cuéllar,Eaque omnis nemo labore cupiditate illo nulla perspiciatis illo id soluta.,https://api.holo-ai.com/avatars/cid-46bf22a7c7e9.png,1,MAYORES_18,pendiente,2026-03-29 12:59:28,0,Femenino,"anime, magia",,,animado,
258,CID-F441BB3CA609,10.0,33.0,Leidy Cano,Tempore accusantium repellendus esse eligendi laudantium possimus atque sit.,https://api.holo-ai.com/avatars/cid-f441bb3ca609.png,1,MAYORES_18,aprobado,2025-01-21 14:00:34,0,Masculino,"cyberpunk, magia",2025-03-10 14:00:34,Contenido duplicado o spam,animado,https://api.holo-ai.com/animados/cid-f441bb3ca609.gif
259,CID-B86E06445FEF,5.0,1.0,   Karen Sarmiento ,Earum impedit officia deleniti distinctio reprehenderit qui quis sint reprehenderit.,https://api.holo-ai.com/avatars/cid-b86e06445fef.png,1,MAYORES_13,pendiente,2025-11-13 10:12:19,0,No binario,"magia, combate, asistente, cyberpunk",,,estatico,
260,CID-B759864807B3,2.0,40.0,Dario Martínez,Illo quos minima necessitatibus cupiditate soluta dicta animi alias amet facere dicta.,https://api.holo-ai.com/avatars/cid-b759864807b3.png,1,NSFW,aprobado,2025-07-22 07:27:34,1,No binario,cyberpunk;estrategia;asistente,,,animado,https://api.holo-ai.com/animados/cid-b759864807b3.gif
261,CID-F23794ADA46F,6.0,10.0,Armando Mora,Perspiciatis doloribus laborum ipsum vero labore mollitia.,,1,MAYORES_18,aprobado,2025-07-03 14:08:54,0,Masculino,magia,2025-07-29 14:08:54,Infraccion de normas comunitarias,estatico,
262,CID-48ACEBDF59E8,4.0,39.0,Claudia Lara,Eligendi harum cum nemo vitae sequi officia.,https://api.holo-ai.com/avatars/cid-48acebdf59e8.png,1,MAYORES_18,pendiente,2026-03-19 14:02:13,NO,Femenino,,,,ANIMADO,https://api.holo-ai.com/animados/cid-48acebdf59e8.gif
263,CID-D20B7B949DC2,8.0,17.0,Adriana Arango,Accusantium quos quisquam ab tenetur officia nobis ab dolorum rem esse vitae.,https://api.holo-ai.com/avatars/cid-d20b7b949dc2.png,True,MAYORES_13,en_revision,2026-02-20 10:25:47,0,Desconocido,"aventura, estrategia, cyberpunk, anime",,,estatico,
264,CID-ECA602C11E43,7.0,19.0,ESPERANZA LARA,Itaque dolor error maxime numquam nesciunt ab voluptatum vitae saepe.,https://api.holo-ai.com/avatars/cid-eca602c11e43.png,1,TODO_PUBLICO,pendiente,19/12/2025 07:12,0,Masculino,"magia, cyberpunk, ia, asistente",,,estatico,
265,CID-E441FC2CC5D5,,35.0,   Jorge León ,Placeat laboriosam excepturi eius eveniet eius omnis veritatis officiis.,https://api.holo-ai.com/avatars/cid-e441fc2cc5d5.png,1,NSFW,pendiente,04/03/2025 12:10,0,Androide,"fantasia, cyberpunk, combate, estrategia",,,bucle_portadas,https://api.holo-ai.com/animados/cid-e441fc2cc5d5.gif
266,CID-2D66C9D7EAEC,4.0,41.0,Milena Cabrera,Rem rem nobis optio perspiciatis quam.,https://api.holo-ai.com/avatars/cid-2d66c9d7eaec.png,1,TODO_PUBLICO,pendiente,2026-03-02 06:26:02,1,Androide,,2026-04-06 06:26:02,Infraccion de normas comunitarias,estatico,
267,CID-2092743F8CAE,1.0,18.0,Deicy Jiménez,Illo qui nesciunt voluptatum repellendus exercitationem quae placeat odit labore velit.,https://api.holo-ai.com/avatars/cid-2092743f8cae.png,1,MAYORES_13,aprobado,2025-07-14 15:45:10,0,No binario,"cyberpunk, magia, rpg, fantasia",2025-07-20 15:45:00,Solicitud del creador,estatico,
268,CID-F012CB8516AF,4.0,49.0,José Meza,Debitis atque consectetur ea repellat quis delectus perspiciatis excepturi at explicabo quia esse.,https://api.holo-ai.com/avatars/cid-f012cb8516af.png,0,MAYORES_18,en_revision,2026-06-13 07:57:08,0,Femenino,"magia, fantasia, ia, combate",,,bucle_portadas,https://api.holo-ai.com/animados/cid-f012cb8516af.webp
269,CID-25365572F4E5,7.0,24.0,   Sergio Arias ,Eos sed iusto sint nesciunt velit architecto suscipit magnam sint fugit error amet.,https://api.holo-ai.com/avatars/cid-25365572f4e5.png,1,TODO_PUBLICO,aprobado,2026-08-03 17:03:55,0,Femenino,"ia, fantasia, combate",,,estatico,
270,CID-AE7C1635425C,2.0,50.0,Milena Ángel,Illum necessitatibus tenetur itaque et quaerat quod laborum occaecati debitis.,https://api.holo-ai.com/avatars/cid-ae7c1635425c.png,1,TODO_PUBLICO,aprobado,2026-02-14 00:48:00,0,Desconocido,"rpg, combate",,,bucle_portadas,https://api.holo-ai.com/animados/cid-ae7c1635425c.webp
271,CID-8A1235D0F634,,22.0,Luz Cárdenas,Quis cumque quisquam laudantium quis at nostrum odio.,https://api.holo-ai.com/avatars/cid-8a1235d0f634.png,1,MAYORES_13,3n_r3vision,2025-08-18 12:40:53,0,No binario,"fantasia, ia, asistente, anime",,,estatico,
272,cid-fd92318b1fc7,7.0,45.0,Yolima Acosta,Alias dicta fuga accusamus eum rerum.,https://api.holo-ai.com/avatars/cid-fd92318b1fc7.png,1,MAYORES_13,pendiente,2025-03-06 05:29:21,NO,Androide,,,,animado,https://api.holo-ai.com/animados/cid-fd92318b1fc7.gif
273,CID-A5E6E1EFD74E,7.0,,María Rodríguez,Dolorem soluta est aut magnam esse aperiam aliquid veniam.,https://api.holo-ai.com/avatars/cid-a5e6e1efd74e.png,1,TODO_PUBLICO,rechazado,2025-09-28 07:57:51,0,Masculino,"fantasia, aventura, magia, asistente",,,ANIMADO,https://api.holo-ai.com/animados/cid-a5e6e1efd74e.gif
274,CID-34BD00C6C6B9,1.0,6.0,   Miguel Hurtado ,Inventore placeat consequatur voluptatum laudantium quibusdam cumque tenetur repellat accusantium.,https://api.holo-ai.com/avatars/cid-34bd00c6c6b9.png,1,MAYORES_13,  pendiente  ,2025-04-01 10:32:06,0,Androide,"combate, ia",,,bucle_portadas,https://api.holo-ai.com/animados/cid-34bd00c6c6b9.gif
275,CID-6D0C7DD6A95F,,23.0,Miguel Hernández,Nihil cumque facilis officiis alias soluta.,https://api.holo-ai.com/avatars/cid-6d0c7dd6a95f.png,0,MAYORES_13,en_revision,2025-04-25 21:08:15,0,Androide,rpg,,,animado,https://api.holo-ai.com/animados/cid-6d0c7dd6a95f.webp
276,CID-44910C9893CB,9.0,17.0,Ángel Trujillo,Voluptatum optio officiis accusantium porro impedit fugit molestias labore corrupti possimus occaecati error.,https://api.holo-ai.com/avatars/cid-44910c9893cb.png,1,TODO_PUBLICO,pendiente,2026-03-07 03:12:13,0,,"aventura, asistente",,,estatico,
277,CID-A9DBD5E09128,9.0,40.0,Diana Guzmán,Non consequatur rerum autem quaerat blanditiis beatae autem dicta dicta ea minima dicta.,https://api.holo-ai.com/avatars/cid-a9dbd5e09128.png,1,TODO_PUBLICO,rechazado,2026-04-08 13:53:36,0,Androide,anime,,,bucle_portadas,https://api.holo-ai.com/animados/cid-a9dbd5e09128.webp
278,CID-56BDE9123881,8.0,38.0,Amanda Pérez,Libero dignissimos ut ex a perferendis tenetur saepe pariatur corrupti at maiores quam.,https://api.holo-ai.com/avatars/cid-56bde9123881.png,1,MAYORES_18,rechazado,2024-12-26 21:04:23,0,No binario,"estrategia, aventura",,,bucle_portadas,https://api.holo-ai.com/animados/cid-56bde9123881.gif
279,CID-885A325D4AA5,7.0,25.0,Anderson Franco,,,1,TODO_PUBLICO,pendiente,2025-09-28 23:20:31,0,No binario,,,,bucle_portadas,https://api.holo-ai.com/animados/cid-885a325d4aa5.webp
280,CID-3D346D31D98E,1.0,2.0,Campo Jiménez,Amet repellat soluta sequi facere perspiciatis incidunt blanditiis sed tempora ab.,https://api.holo-ai.com/avatars/cid-3d346d31d98e.png,1,MAYORES_13,pendiente,24/01/2025 16:44,0,Desconocido,"estrategia, fantasia, combate, rpg",,,animado,https://api.holo-ai.com/animados/cid-3d346d31d98e.webp
281,CID-37105D1495FA,9.0,41.0,Alexander Pérez,Tempora veritatis eaque quasi fuga exercitationem beatae id itaque saepe.,https://api.holo-ai.com/avatars/cid-37105d1495fa.png,1,TODO_PUBLICO,aprobado,29/03/2026 01:35,N,Androide,"combate, fantasia, ia, rpg",,,animado,https://api.holo-ai.com/animados/cid-37105d1495fa.gif
282,CID-161F2A767B95,8.0,36.0,Gustavo Vera,Beatae possimus animi velit cum impedit nihil rem.,https://api.holo-ai.com/avatars/cid-161f2a767b95.png,1,TODO_PUBLICO,en_revision,2026-03-20 03:02:47,0,Desconocido,fantasia,,,estatico,
283,cid-ab6cb4396479,2.0,21.0,   Betty León ,,https://api.holo-ai.com/avatars/cid-ab6cb4396479.png,0,NSFW,rechazado,2026-06-06 09:33:25,1,Femenino,"magia, aventura",,,bucle_portadas,https://api.holo-ai.com/animados/cid-ab6cb4396479.webp
284,CID-AA967735A5DF,3.0,4.0,Clara Gómez,Laboriosam laborum suscipit ipsam aperiam omnis accusamus.,https://api.holo-ai.com/avatars/cid-aa967735a5df.png,1,TODO_PUBLICO,aprobado,2026-08-14 15:46:07,N,No binario,rpg;estrategia,2026-09-03 15:46:07,Solicitud del creador,animado,https://api.holo-ai.com/animados/cid-aa967735a5df.gif
285,CID-DC48FCADA089,9.0,9.0,Javier Castañeda,Quam dolore veritatis sit maxime porro nulla inventore quas laboriosam optio odit corrupti.,https://api.holo-ai.com/avatars/cid-dc48fcada089.png,1,MAYORES_18,pendiente,13/07/2026 02:47,false,Masculino,fantasia,,,ANIMADO,
286,CID-C7F9AD3AAD0B,1.0,19.0,Luis Ojeda,Accusamus vel magni iusto libero cumque.,,1,MAYORES_13,pendiente,2026-05-15 20:33:08,0,Desconocido,"estrategia, anime, ia, fantasia",,,estatico,
287,CID-EAC04E84B817,4.0,10.0,Nathalia Moreno,,,1,MAYORES_18,aprobado,2025-05-13 06:06:24,0,Masculino,"cyberpunk, rpg, combate, ia",,,animado,https://api.holo-ai.com/animados/cid-eac04e84b817.gif
288,CID-AA8B99FDF061,8.0,45.0,Luz Torres,,https://api.holo-ai.com/avatars/cid-aa8b99fdf061.png,1,TODO_PUBLICO,pendiente,2026-02-20 21:11:09,0,Desconocido,ia,,,animado,https://api.holo-ai.com/animados/cid-aa8b99fdf061.webp
289,CID-FEDE096998F4,,22.0,Myriam Ayala,Itaque reiciendis ipsum sequi ipsum blanditiis libero.,htp://api.holo-ai.com/avatars/cid-fede096998f4.png,1,MAYORES_18,aprobado,2026-02-28 16:38:15,0,Masculino,"fantasia, anime, rpg",,,estatico,
290,CID-9FB8C4226095,6.0,33.0,María Castillo,Nam a at nobis nulla esse.,https://api.holo-ai.com/avatars/cid-9fb8c4226095.png,1,MAYORES_13,en_revision,2025-11-08 00:59:03,0,No binario,"magia, aventura, anime",,,bucle_portadas,https://api.holo-ai.com/animados/cid-9fb8c4226095.webp
291,CID-7F422E03013F,2.0,19.0,Luis Hoyos,Veniam facilis amet dolore iste nam nulla labore omnis quaerat beatae.,https://api.holo-ai.com/avatars/cid-7f422e03013f.png,1,NSFW,pendiente,2026-05-21 23:37:54,0,Femenino,"combate, aventura, estrategia",,,estatico,
292,CID-82D2706BAB08,,48.0,Alexander Rodríguez,Rerum vitae eos minima praesentium aliquid cum consequuntur quaerat quam.,htp://api.holo-ai.com/avatars/cid-82d2706bab08.png,1,MAYORES_18,en_revision,31/12/2024 06:47,0,No binario,"fantasia, combate",2025-09-02 06:47:00,Contenido duplicado o spam,bucle_portadas,https://api.holo-ai.com/animados/cid-82d2706bab08.webp
293,CID-0EE0E61BAF69,9.0,14.0,   Johana Ramírez ,Ut hic itaque quos quaerat autem impedit.,,0,NSFW,pendiente,28/09/2026 22:27,0,No binario,"asistente, magia",,,estatico,
294,CID-5484288B1E35,,26.0,Fernando Sandoval,Quo ipsum omnis vero consequatur libero minus.,,1,NSFW,pendiente,2024-11-15 22:19:20,0,Femenino,anime,,,bucle_portadas,https://api.holo-ai.com/animados/cid-5484288b1e35.gif
295,CID-43C90AC3D9CD,7.0,15.0,Luis Mejía,Laboriosam magni ullam debitis neque quas consectetur harum nobis sunt magnam harum voluptatem.,https://api.holo-ai.com/avatars/cid-43c90ac3d9cd.png,1,NSFW,rechazado,2026-09-20 14:41:10,0,Desconocido,aventura,,,estatico,
296,CID-0D3EE6A5606F,3.0,33.0,Jhon Vargas,Vitae voluptas iste consequatur impedit praesentium quibusdam error praesentium similique quae.,,0,NSFW,aprobado,2026-10-05 20:05:27,0,No binario,"magia, anime, asistente",,,bucle_portadas,https://api.holo-ai.com/animados/cid-0d3ee6a5606f.webp
297,CID-D99D695DF9C9,7.0,41.0,Luis Rojas,Numquam enim exercitationem perferendis voluptatem officiis vero magnam.,https://api.holo-ai.com/avatars/cid-d99d695df9c9.png,0,MAYORES_13,en_revision,01/04/2026 11:47,0,Femenino,"estrategia, fantasia, magia, ia",,,Bucle_portadas,https://api.holo-ai.com/animados/cid-d99d695df9c9.webp
298,CID-E7D5139E882A,1.0,7.0,Fernando Blanco,Natus nesciunt velit quae perferendis tempora modi soluta in accusamus.,https://api.holo-ai.com/avatars/cid-e7d5139e882a.png,0,NSFW,pendiente,2024-12-30 21:38:07,0,Femenino,"estrategia, anime, aventura",,,bucle_portadas,
299,CID-8072B73272CB,4.0,19.0,María Sánchez,Dicta quibusdam cum enim dolorum saepe.,https://api.holo-ai.com/avatars/cid-8072b73272cb.png,S,MAYORES_13,aprobado,2026-03-29 14:30:10,0,Masculino,ia;magia;aventura,,,estatico,
300,CID-420153960D99,9.0,31.0,Julián Ramírez,Adipisci repellendus aut sint qui sint quia natus dolores quos reiciendis enim.,https://api.holo-ai.com/avatars/cid-420153960d99.png,1,NSFW,en_revision,2026-03-09 07:56:23,1,Femenino,,,,bucle_portadas,https://api.holo-ai.com/animados/cid-420153960d99.webp
301,CID-AC9D309418FC,,42.0,Luz Flórez,Vero voluptate est mollitia accusamus dolorum nulla quos sit rerum tenetur.,https://api.holo-ai.com/avatars/cid-ac9d309418fc.png,1,TODO_PUBLICO,aprobado,2026-04-09 12:07:11,1,Femenino,"estrategia, aventura, anime",,,animado,https://api.holo-ai.com/animados/cid-ac9d309418fc.webp
302,CID-1127DC7B840F,4.0,20.0,Camilo Morales,Molestias nobis quod vitae eos debitis placeat deleniti cupiditate maiores fugiat incidunt nam.,https://api.holo-ai.com/avatars/cid-1127dc7b840f.png,0,NSFW,aprobado,18/01/2025 05:29,0,No binario,"aventura, asistente, fantasia",,,estatico,
303,CID-E07C763057F6,9.0,46.0,Cecilia Sanabria,Ex quae culpa corrupti eum amet.,https://api.holo-ai.com/avatars/cid-e07c763057f6.png,0,MAYORES_18,en_revision,2026-10-03 09:44:22,0,Desconocido,"anime, magia, aventura",,,bucle_portadas,https://api.holo-ai.com/animados/cid-e07c763057f6.gif
304,CID-1CC266FB6725,3.0,,ANTONIO BENÍTEZ,Laudantium nemo facere quos et dolore delectus architecto magnam.,https://api.holo-ai.com/avatars/cid-1cc266fb6725.png,1,MAYORES_13,3n_r3vision,28/08/2025 06:24,0,Desconocido,"ia, fantasia",,,estatico,
305,CID-AFFAB7784A3B,4.0,19.0,Andrés Castillo,Dolore distinctio ex facere dolor quibusdam minus voluptatum reprehenderit voluptatem.,htp://api.holo-ai.com/avatars/cid-affab7784a3b.png,0,MAYORES_18,RECHAZADO,2024-10-16 00:59:41,0,Masculino,"fantasia, rpg",,,animado,https://api.holo-ai.com/animados/cid-affab7784a3b.webp
306,CID-5FD15AAB7565,10.0,8.0,Martha Herrera,Temporibus nostrum numquam vero placeat eum totam velit harum.,https://api.holo-ai.com/avatars/cid-5fd15aab7565.png,True,MAYORES_18,en_revision,02/12/2025 19:38,0,Masculino,"estrategia, rpg, ia",,,animado,
307,CID-9431610E5E28,2.0,17.0,Daniel Rodríguez,Reprehenderit fugiat rem ipsum aliquam tempore deserunt maiores veniam cumque vero modi.,https://api.holo-ai.com/avatars/cid-9431610e5e28.png,1,MAYORES_13,en_revision,2024-10-14 21:32:02,0,No binario,,,,Animado,https://api.holo-ai.com/animados/cid-9431610e5e28.gif
308,CID-7747E972ED65,3.0,33.0,Antonio Rojas,Quo sint incidunt aut modi praesentium voluptate quod officia velit quia corrupti itaque ex.,https://api.holo-ai.com/avatars/cid-7747e972ed65.png,1,MAYORES_13,aprobado,2024-12-16 04:23:23,0,,"aventura, anime, fantasia, estrategia",,,bucle_portadas,https://api.holo-ai.com/animados/cid-7747e972ed65.gif
309,CID-E98824B2B37C,2.0,49.0,Patricia Díaz,Nam nemo dolorem ea harum occaecati inventore accusantium perferendis.,https://api.holo-ai.com/avatars/cid-e98824b2b37c.png,1,MAYORES_13,pendiente,28/11/2025 14:55,0,Desconocido,ia,2026-01-22 14:55:00,Infraccion de normas comunitarias,animado,https://api.holo-ai.com/animados/cid-e98824b2b37c.webp
310,CID-29EC46B45CBA,1.0,33.0,María Pinzón,Quidem nesciunt praesentium asperiores unde autem.,https://api.holo-ai.com/avatars/cid-29ec46b45cba.png,0,MAYORES_18,pendiente,2026-06-12 09:36:36,N,No binario,magia;combate;cyberpunk,,,estatico,
311,CID-428A42CF4DBC,9.0,35.0,Eduardo Calderón,Quisquam ipsa hic optio labore modi consequatur hic reiciendis.,https://api.holo-ai.com/avatars/cid-428a42cf4dbc.png,1,MAYORES_18,rechazado,07/12/2025 01:55,1,No binario,"anime, combate",,,bucle_portadas,https://api.holo-ai.com/animados/cid-428a42cf4dbc.webp
312,CID-DC770BD24F90,,30.0,Elizabeth Acevedo,Perspiciatis totam recusandae quas fuga veniam mollitia nam commodi.,https://api.holo-ai.com/avatars/cid-dc770bd24f90.png,1,TODO_PUBLICO,en_revision,2024-10-13 02:38:41,0,Desconocido,"estrategia, rpg, cyberpunk, anime",,,bucle_portadas,https://api.holo-ai.com/animados/cid-dc770bd24f90.webp
313,CID-CABF3ED9CCE5,7.0,36.0,Carlos Medina,Veniam esse quibusdam temporibus exercitationem impedit officia maiores cum dolore rerum deserunt delectus.,https://api.holo-ai.com/avatars/cid-cabf3ed9cce5.png,1,NSFW,aprobado,2026-06-22 07:37:32,0,Androide,"fantasia, estrategia, anime, asistente",,,animado,https://api.holo-ai.com/animados/cid-cabf3ed9cce5.gif
314,CID-13EDC138B84E,5.0,29.0,Carlos Martínez,Itaque mollitia enim architecto atque quas laborum ex consectetur omnis aut nulla tempore.,https://api.holo-ai.com/avatars/cid-13edc138b84e.png,False,NSFW,en_revision,2025-06-13 00:50:28,0,No binario,"aventura, combate",,,estatico,
315,CID-31AC569A27F0,5.0,35.0,   Yury Valencia ,Possimus corrupti necessitatibus repellat vero cumque et quos quae.,https://api.holo-ai.com/avatars/cid-31ac569a27f0.png,1,NSFW,en_revision,2026-02-18 22:58:41,0,Femenino,"asistente, combate, rpg, aventura",,,animado,https://api.holo-ai.com/animados/cid-31ac569a27f0.gif
316,CID-28C6332AC4CF,8.0,44.0,Shirley Villa,Perspiciatis ex laboriosam ipsum quod laborum autem.,https://api.holo-ai.com/avatars/cid-28c6332ac4cf.png,0,NSFW,aprobado,2026-02-22 14:50:09,N,Desconocido,magia,,,estatico,
317,CID-BA114023D9AB,9.0,6.0,Alberto Sepúlveda,Tempora deserunt quasi occaecati quas tempora sed.,https://api.holo-ai.com/avatars/cid-ba114023d9ab.png,1,MAYORES_18,en_revision,2026-02-11 19:15:11,0,,"anime, ia",,,animado,https://api.holo-ai.com/animados/cid-ba114023d9ab.gif
318,CID-08091AAA298F,9.0,36.0,María Murillo,Quisquam distinctio alias ea tempora molestiae omnis corrupti hic tempora nihil.,https://api.holo-ai.com/avatars/cid-08091aaa298f.png,1,MAYORES_18,RECHAZADO,2026-08-05 23:34:47,0,No binario,,,,animado,https://api.holo-ai.com/animados/cid-08091aaa298f.gif
319,CID-7FFAC3C05B65,,23.0,Margarita Restrepo,At facilis ab dolores vitae voluptatem placeat quidem consequuntur culpa necessitatibus natus.,https://api.holo-ai.com/avatars/cid-7ffac3c05b65.png,NO,MAYORES_18,Aprobado,2026-08-17 15:46:40,0,Femenino,"estrategia, asistente, rpg, magia",,,bucle_portadas,https://api.holo-ai.com/animados/cid-7ffac3c05b65.webp
320,CID-7A3C310AC16E,7.0,8.0,Willian Galvis,Vel aliquam quis doloremque eaque doloremque pariatur maxime recusandae harum ullam sunt.,https://api.holo-ai.com/avatars/cid-7a3c310ac16e.png,1,NSFW,pendiente,09/11/2024 04:45,0,Femenino,"ia, combate",,,animado,https://api.holo-ai.com/animados/cid-7a3c310ac16e.webp
321,CID-CD05C14DA392,1.0,8.0,Arbey Valencia,Odio earum quia neque necessitatibus fugiat fugiat nesciunt tempore aspernatur dolorum voluptate.,https://api.holo-ai.com/avatars/cid-cd05c14da392.png,1,NSFW,pendiente,31/03/2025 08:01,0,Androide,"rpg, fantasia, anime, aventura",,,bucle_portadas,https://api.holo-ai.com/animados/cid-cd05c14da392.gif
322,CID-01C693ACEC0E,6.0,34.0,José Romero,Laborum laboriosam nobis magnam consequuntur cumque aspernatur officia distinctio deleniti.,,0,NSFW,rechazado,2025-07-17 13:12:25,1,Masculino,"aventura, cyberpunk",2025-09-12 13:12:25,Infraccion de normas comunitarias,estatico,
323,CID-B80F7F3BB776,7.0,40.0,Alberto Ayala,Impedit ex beatae perferendis laboriosam nihil officia illum.,https://api.holo-ai.com/avatars/cid-b80f7f3bb776.png,0,MAYORES_18,  aprobado  ,2025-04-16 11:13:32,0,Masculino,"magia, aventura, estrategia, cyberpunk",,,animado,https://api.holo-ai.com/animados/cid-b80f7f3bb776.webp
324,CID-7980A3EDE56C,9.0,47.0,María Córdoba,Consequatur maiores tempora corporis cumque ullam maxime illo.,https://api.holo-ai.com/avatars/cid-7980a3ede56c.png,S,NSFW,pendiente,2025-12-20 23:14:06,NO,No binario,cyberpunk,,,estatico,
325,CID-9D53F3282D7C,4.0,16.0,Fernando Monsalve,Veniam dolor non iusto laboriosam dolor illum consequuntur nesciunt.,https://api.holo-ai.com/avatars/cid-9d53f3282d7c.png,1,TODO_PUBLICO,aprobado,2026-05-28 07:56:04,0,Femenino,"rpg, anime, cyberpunk, asistente",,,bucle_portadas,https://api.holo-ai.com/animados/cid-9d53f3282d7c.gif
326,CID-9D8A95C92192,1.0,9.0,Rosa Navarro,Cumque placeat ullam nisi architecto fugiat consequatur accusantium minima.,https://api.holo-ai.com/avatars/cid-9d8a95c92192.png,1,NSFW,en_revision,2026-09-15 12:11:37,0,Femenino,,,,estatico,
327,CID-61CAB6C5532A,,10.0,   José Guerrero ,Non debitis temporibus nobis soluta minus quibusdam.,https://api.holo-ai.com/avatars/cid-61cab6c5532a.png,1,MAYORES_13,  en_revision  ,2024-12-20 14:04:07,0,No binario,,,,animado,https://api.holo-ai.com/animados/cid-61cab6c5532a.gif
328,CID-A4D977B1498D,8.0,43.0,Dahiana Hernández,Molestiae a vel perspiciatis inventore in soluta possimus inventore vel laboriosam quisquam expedita.,https://api.holo-ai.com/avatars/cid-a4d977b1498d.png,1,MAYORES_18,en_revision,26/06/2026 04:06,0,No binario,"cyberpunk, estrategia, combate",,,animado,https://api.holo-ai.com/animados/cid-a4d977b1498d.webp
329,CID-7AFCCFFACA3C,10.0,37.0,Jairo Castellanos,Atque consequatur labore doloremque similique eligendi soluta illum deleniti quae ratione neque blanditiis.,https://api.holo-ai.com/avatars/cid-7afccffaca3c.png,1,MAYORES_13,rechazado,2024-10-14 18:59:19,0,Masculino,,2024-11-12 18:59:19,Contenido duplicado o spam,estatico,
330,CID-3B4A2E274157,4.0,16.0,Janeth Rojas,Illum autem incidunt nesciunt ea modi natus nostrum voluptatibus id.,,0,MAYORES_13,aprobado,2025-03-16 10:00:25,0,Desconocido,"asistente, anime",,,animado,https://api.holo-ai.com/animados/cid-3b4a2e274157.webp
331,CID-8001C11F5910,10.0,29.0,Rosario Páez,Debitis nam laborum voluptates neque quo id consequuntur sint blanditiis dolorem quos.,https://api.holo-ai.com/avatars/cid-8001c11f5910.png,true,MAYORES_18,rechazado,2025-02-11 20:57:41,0,,asistente,,,animado,https://api.holo-ai.com/animados/cid-8001c11f5910.gif
332,cid-0fcfe6c1c23e,2.0,28.0,Diana Palacios,,https://api.holo-ai.com/avatars/cid-0fcfe6c1c23e.png,1,NSFW,pendiente,2026-06-11 18:29:46,0,Desconocido,"fantasia, combate, magia, rpg",2026-06-16 18:29:00,Contenido duplicado o spam,animado,
333,cid-0e4cb208aeb9,7.0,9.0,   Gladys Caicedo ,Cum vitae a at corporis unde.,,0,NSFW,rechazado,2025-09-12 08:54:20,0,Androide,aventura,,,animado,https://api.holo-ai.com/animados/cid-0e4cb208aeb9.webp
334,CID-1DED11FD5A6A,8.0,14.0,Andrea Ortiz,,https://api.holo-ai.com/avatars/cid-1ded11fd5a6a.png,1,NSFW,aprobado,24/07/2025 05:44,0,No binario,cyberpunk;asistente;ia,,,estatico,
335,CID-2B642EEF4376,5.0,34.0,Ana Gómez,Ut id omnis enim vitae animi quo cupiditate laudantium ab.,https://api.holo-ai.com/avatars/cid-2b642eef4376.png,1,MAYORES_18,pendiente,31/07/2026 20:36,0,,"fantasia, cyberpunk, asistente, ia",,,estatico,
336,CID-FACC85A5BF3C,10.0,28.0,Alexander Arenas,Deserunt quos magni praesentium nostrum perferendis facere omnis voluptate.,https://api.holo-ai.com/avatars/cid-facc85a5bf3c.png,0,MAYORES_13,en_revision,2024-12-15 15:44:57,N,No binario,"aventura, magia, ia, estrategia",,,bucle_portadas,
337,CID-F7CC55685609,1.0,13.0,HAROL PATIÑO,Pariatur illo dicta accusamus provident ullam mollitia quas nam nesciunt.,htp://api.holo-ai.com/avatars/cid-f7cc55685609.png,1,MAYORES_13,pendiente,2025-07-06 02:17:13,0,,magia;ia,,,estatico,
338,CID-A786BA99C214,3.0,44.0,Franklin Castro,Vitae iste illo a cupiditate magni nam magnam excepturi blanditiis maiores ducimus modi.,,1,MAYORES_18,aprobado,17/06/2026 10:43,0,Desconocido,combate,,,bucle_portadas,https://api.holo-ai.com/animados/cid-a786ba99c214.webp
339,CID-95D1D86A2BC1,6.0,21.0,Carlos Vélez,Natus quo quidem vero itaque itaque nesciunt ad blanditiis architecto.,htp://api.holo-ai.com/avatars/cid-95d1d86a2bc1.png,1,MAYORES_18,aprobado,2026-02-13 09:11:38,0,Femenino,"fantasia, ia, anime",,,estatico,
340,CID-D0E54EE62148,6.0,10.0,   Fabián Torres ,Reiciendis impedit explicabo modi praesentium ea enim id.,https://api.holo-ai.com/avatars/cid-d0e54ee62148.png,SI,TODO_PUBLICO,pendiente,2026-05-13 19:18:15,1,Desconocido,,,,estatico,
341,CID-D10515577292,10.0,37.0,Armando García,Labore explicabo tempora eaque veniam placeat tenetur libero.,https://api.holo-ai.com/avatars/cid-d10515577292.png,1,NSFW,pendiente,13/03/2025 06:56,0,Desconocido,"asistente, fantasia, anime, cyberpunk",,,bucle_portadas,https://api.holo-ai.com/animados/cid-d10515577292.webp
342,CID-DE1AB5FB46BA,10.0,50.0,Leidy Vargas,Dignissimos dicta dolorum nulla culpa autem ullam perferendis optio.,https://api.holo-ai.com/avatars/cid-de1ab5fb46ba.png,1,MAYORES_13,aprobado,28/01/2026 23:26,0,Desconocido,"aventura, estrategia, fantasia",,,estatico,
343,CID-D5E821EF38A9,4.0,3.0,María Zuluaga,Sed fuga et tempore sunt nemo.,https://api.holo-ai.com/avatars/cid-d5e821ef38a9.png,1,NSFW,en_revision,2025-05-10 14:16:36,0,Masculino,rpg,,,animado,https://api.holo-ai.com/animados/cid-d5e821ef38a9.gif
344,CID-77B4B4BF6C1F,,6.0,Concepción Bustamante,Eligendi dolore nemo amet reiciendis laboriosam molestiae magnam hic placeat cupiditate voluptate.,https://api.holo-ai.com/avatars/cid-77b4b4bf6c1f.png,0,TODO_PUBLICO,en_revision,2026-04-04 13:06:14,0,,"magia, rpg",,,animado,https://api.holo-ai.com/animados/cid-77b4b4bf6c1f.webp
345,CID-659DB5652BA1,5.0,14.0,José Ruiz,,https://api.holo-ai.com/avatars/cid-659db5652ba1.png,True,NSFW,pendiente,2024-10-15 17:48:58,1,Masculino,"anime, fantasia, magia, combate",,,bucle_portadas,https://api.holo-ai.com/animados/cid-659db5652ba1.gif
346,CID-927AB2BA7D9F,4.0,12.0,María Rojas,Aut facere similique deleniti ea earum vero exercitationem delectus incidunt in quibusdam facilis.,,1,MAYORES_18,pendiente,2025-08-16 08:28:09,1,Androide,"rpg, fantasia",,,bucle_portadas,https://api.holo-ai.com/animados/cid-927ab2ba7d9f.webp
347,CID-51E6517CBF3E,9.0,35.0,   Blanca Díaz ,Voluptatem placeat repellendus quam rem nam sequi.,https://api.holo-ai.com/avatars/cid-51e6517cbf3e.png,1,NSFW,Pendiente,2025-03-10 11:45:54,0,No binario,asistente,,,Animado,https://api.holo-ai.com/animados/cid-51e6517cbf3e.webp
348,CID-A17C22007CA2,9.0,9.0,Milena Olaya,Labore ab in consequatur tempora occaecati modi.,https://api.holo-ai.com/avatars/cid-a17c22007ca2.png,1,TODO_PUBLICO,aprobado,11/06/2025 10:27,0,Desconocido,asistente,,,bucle_portadas,https://api.holo-ai.com/animados/cid-a17c22007ca2.gif
349,CID-41E14F0483FD,7.0,15.0,Julián Suárez,,https://api.holo-ai.com/avatars/cid-41e14f0483fd.png,1,NSFW,pendiente,2025-12-19 19:54:07,1,Masculino,magia,,,animado,https://api.holo-ai.com/animados/cid-41e14f0483fd.webp
350,CID-3C19F33BBEE6,7.0,29.0,Esteban Gómez,Porro animi repellendus labore occaecati ipsum ex.,https://api.holo-ai.com/avatars/cid-3c19f33bbee6.png,1,MAYORES_18,en_revision,16/07/2025 13:42,0,,asistente,,,estatico,
351,CID-E2B98C3243C6,4.0,27.0,Consuelo Velásquez,Exercitationem illum expedita perspiciatis non nemo officiis modi voluptatem.,htp://api.holo-ai.com/avatars/cid-e2b98c3243c6.png,1,MAYORES_13,aprobado,18/05/2025 06:22,0,Masculino,"ia, combate, asistente",,,animado,https://api.holo-ai.com/animados/cid-e2b98c3243c6.webp
352,CID-EBF25D5F0D87,8.0,45.0,Maritza Sandoval,Quod ipsum aspernatur nostrum iure vero sit odit unde in nostrum illo.,https://api.holo-ai.com/avatars/cid-ebf25d5f0d87.png,1,TODO_PUBLICO,en_revision,2026-09-13 17:56:57,0,Femenino,"rpg, estrategia",,,animado,https://api.holo-ai.com/animados/cid-ebf25d5f0d87.webp
353,CID-04E819552377,5.0,22.0,PATRICIA PÉREZ,Et officiis quae non hic suscipit quos vel.,https://api.holo-ai.com/avatars/cid-04e819552377.png,S,NSFW,rechazado,2026-05-13 02:39:52,0,Masculino,,,,animado,https://api.holo-ai.com/animados/cid-04e819552377.webp
354,CID-EB1FDD4727A0,1.0,10.0,Juan Paz,Cumque sequi commodi doloremque dolorum quia quibusdam distinctio id atque vel.,https://api.holo-ai.com/avatars/cid-eb1fdd4727a0.png,1,MAYORES_13,aprobado,11/10/2025 17:42,0,Desconocido,"magia, rpg",,,estatico,
355,CID-234DFA583127,4.0,12.0,Luis Rodríguez,,https://api.holo-ai.com/avatars/cid-234dfa583127.png,1,MAYORES_18,en_revision,13/08/2025 13:43,0,No binario,"estrategia, aventura, magia, fantasia",,,animado,https://api.holo-ai.com/animados/cid-234dfa583127.gif
356,CID-5F9B4E7728A5,3.0,30.0,José Orjuela,Ea culpa omnis suscipit est dolorum eligendi.,https://api.holo-ai.com/avatars/cid-5f9b4e7728a5.png,1,MAYORES_13,rechazado,07/02/2026 19:19,0,Desconocido,"aventura, cyberpunk",,,bucle_portadas,https://api.holo-ai.com/animados/cid-5f9b4e7728a5.webp
357,CID-78366B663453,2.0,15.0,Carmen Silva,Adipisci optio similique eveniet labore voluptate molestiae earum.,https://api.holo-ai.com/avatars/cid-78366b663453.png,1,NSFW,rechazado,2025-09-19 17:23:33,false,Masculino,"rpg, anime, estrategia",,,bucle_portadas,https://api.holo-ai.com/animados/cid-78366b663453.webp
358,CID-1DBA5A7BCA7E,6.0,31.0,Marcela Núñez,Debitis nisi occaecati odio natus minima odit est expedita molestiae rem ipsam.,https://api.holo-ai.com/avatars/cid-1dba5a7bca7e.png,1,MAYORES_13,aprobado,2025-07-20 07:34:38,0,Desconocido,"cyberpunk, magia, estrategia",,,bucle_portadas,https://api.holo-ai.com/animados/cid-1dba5a7bca7e.gif
359,CID-04A1B747C817,5.0,44.0,Jessica Sánchez,A repellendus sed exercitationem iusto ab.,https://api.holo-ai.com/avatars/cid-04a1b747c817.png,0,TODO_PUBLICO,rechazado,25/09/2026 09:51,True,Femenino,"rpg, combate, estrategia, ia",,,bucle_portadas,https://api.holo-ai.com/animados/cid-04a1b747c817.gif
360,CID-D100801C7A35,3.0,1.0,Amelia Tovar,,https://api.holo-ai.com/avatars/cid-d100801c7a35.png,1,TODO_PUBLICO,en_revision,2025-05-29 22:01:36,0,Desconocido,rpg,,,animado,https://api.holo-ai.com/animados/cid-d100801c7a35.gif
361,CID-2206D140F2AC,,18.0,María Osorio,Nisi reiciendis molestias deleniti sunt ipsa dolorum quaerat officia.,https://api.holo-ai.com/avatars/cid-2206d140f2ac.png,1,TODO_PUBLICO,pendiente,2026-07-14 15:52:40,0,Androide,"cyberpunk, anime, asistente, rpg",,,bucle_portadas,https://api.holo-ai.com/animados/cid-2206d140f2ac.webp
362,CID-654B1E3B3652,3.0,19.0,Myriam Ortiz,Numquam maxime reiciendis nostrum possimus earum officiis minus eaque deleniti architecto.,https://api.holo-ai.com/avatars/cid-654b1e3b3652.png,1,TODO_PUBLICO,en_revision,2025-01-23 07:44:18,1,No binario,"anime, aventura, magia, rpg",,,estatico,
363,CID-E1D3681A3691,2.0,24.0,Nancy Henao,Iste praesentium laudantium eum corrupti voluptas ad voluptas eligendi commodi ipsa ab at.,,True,MAYORES_18,rechazado,2024-10-20 15:22:22,0,Femenino,ia,,,bucle_portadas,https://api.holo-ai.com/animados/cid-e1d3681a3691.gif
364,CID-3A393CA277E3,1.0,41.0,Adela Herrera,Ratione libero fuga possimus adipisci aspernatur quibusdam corporis eaque.,https://api.holo-ai.com/avatars/cid-3a393ca277e3.png,0,MAYORES_13,aprobado,2025-08-10 00:09:14,1,Masculino,"estrategia, magia, asistente",,,animado,https://api.holo-ai.com/animados/cid-3a393ca277e3.webp
365,cid-024c05edbe27,5.0,32.0,Patricia Correa,Tempore dolorum fugit accusamus voluptate quaerat harum voluptate.,,1,TODO_PUBLICO,pendiente,2025-04-19 04:19:08,False,Femenino,"anime, ia, cyberpunk",,,animado,
366,CID-DF7347236D23,4.0,33.0,Felipe Gómez,Quasi atque pariatur dignissimos harum vero vel culpa quas quia mollitia.,https://api.holo-ai.com/avatars/cid-df7347236d23.png,0,MAYORES_13,aprobado,2025-01-12 01:45:53,0,No binario,,,,estatico,
367,CID-17E555442DD3,,8.0,Johana Henao,Facere amet pariatur voluptate doloremque ipsa accusamus recusandae.,https://api.holo-ai.com/avatars/cid-17e555442dd3.png,1,MAYORES_18,pendiente,2026-01-06 08:25:17,1,Femenino,"aventura, estrategia",,,bucle_portadas,https://api.holo-ai.com/animados/cid-17e555442dd3.webp
368,CID-8BDD30A3D49B,6.0,29.0,Paola Angulo,Voluptas neque porro porro culpa quo.,https://api.holo-ai.com/avatars/cid-8bdd30a3d49b.png,0,TODO_PUBLICO,en_revision,20/04/2025 09:24,False,Femenino,estrategia;aventura;rpg;combate,2025-06-12 09:24:03,Infraccion de normas comunitarias,estatico,
369,CID-9D3D235D3E15,2.0,44.0,Cecilia López,Excepturi voluptas quis animi explicabo culpa modi autem laborum et nam officia expedita.,https://api.holo-ai.com/avatars/cid-9d3d235d3e15.png,0,MAYORES_13,aprobado,2026-09-01 21:09:48,0,Masculino,ia,,,estatico,
370,CID-95678A8F4A93,3.0,6.0,Melissa Ramírez,,https://api.holo-ai.com/avatars/cid-95678a8f4a93.png,1,NSFW,Aprobado,2026-03-28 13:25:58,False,,"ia, combate, aventura",,,Estatico,
371,CID-5B77D099EA08,2.0,42.0,Myriam Vanegas,Tempore laborum ipsa eos possimus deleniti delectus expedita quasi.,https://api.holo-ai.com/avatars/cid-5b77d099ea08.png,1,MAYORES_18,rechazado,11/05/2025 01:18,0,Desconocido,,,,Estatico,
372,CID-454E2AFF6C45,8.0,13.0,Arturo Carvajal,Cum minus ipsum reprehenderit molestiae iste quod magni quasi sunt nulla facilis nulla.,https://api.holo-ai.com/avatars/cid-454e2aff6c45.png,0,TODO_PUBLICO,aprobado,2025-06-15 07:03:11,0,Androide,"estrategia, anime, magia",2025-08-08 07:03:11,Contenido duplicado o spam,animado,https://api.holo-ai.com/animados/cid-454e2aff6c45.webp
373,CID-53BE4227310D,6.0,7.0,Óscar Navarro,Reprehenderit deleniti placeat quisquam culpa eligendi illum eum atque omnis aliquam vel.,https://api.holo-ai.com/avatars/cid-53be4227310d.png,1,MAYORES_13,en_revision,2025-02-24 22:57:01,0,Desconocido,combate,2025-03-15 22:57:00,Violacion de derechos de autor,bucle_portadas,https://api.holo-ai.com/animados/cid-53be4227310d.gif
374,CID-D0441CDBBE13,3.0,35.0,Omar Ramírez,Deleniti adipisci odit harum laudantium numquam nihil aliquid dolore quaerat accusamus ullam.,https://api.holo-ai.com/avatars/cid-d0441cdbbe13.png,1,TODO_PUBLICO,en_revision,02/03/2026 12:56,0,Masculino,"combate, asistente, magia, cyberpunk",2026-03-12 12:56:09,Violacion de derechos de autor,animado,https://api.holo-ai.com/animados/cid-d0441cdbbe13.webp
375,CID-0428C36FEDBA,2.0,4.0,LISBETH NARANJO,Iusto odit facere quia tempora reprehenderit recusandae.,https://api.holo-ai.com/avatars/cid-0428c36fedba.png,1,NSFW,aprobado,2024-11-23 11:40:23,0,Androide,estrategia;cyberpunk;asistente,,,animado,https://api.holo-ai.com/animados/cid-0428c36fedba.gif
376,CID-C5A7426EA10D,2.0,49.0,Augusto Ortiz,Quasi rerum aspernatur dolor maxime aut.,https://api.holo-ai.com/avatars/cid-c5a7426ea10d.png,1,MAYORES_13,pendiente,2025-04-06 15:22:10,1,Masculino,"ia, anime, asistente, cyberpunk",,,bucle_portadas,https://api.holo-ai.com/animados/cid-c5a7426ea10d.webp
377,CID-E2ACEBB59176,10.0,48.0,Andrés Díaz,Omnis necessitatibus veniam nam nam quia quisquam nemo perferendis praesentium incidunt aut.,https://api.holo-ai.com/avatars/cid-e2acebb59176.png,1,MAYORES_18,en_revision,2026-06-16 17:26:12,0,No binario,ia,,,estatico,
378,CID-5E6987F4104D,6.0,28.0,Gloria Castillo,Omnis modi nobis ut temporibus mollitia voluptatum sapiente impedit odio.,,1,TODO_PUBLICO,pendiente,12/07/2026 21:31,0,No binario,"magia, asistente",,,animado,https://api.holo-ai.com/animados/cid-5e6987f4104d.gif
379,CID-4DE9A8E6AF45,10.0,35.0,Daniel León,Molestias fugiat mollitia quia facere iste vero a alias eligendi accusamus consequatur tempora.,https://api.holo-ai.com/avatars/cid-4de9a8e6af45.png,1,MAYORES_13,aprobado,2024-10-14 07:20:01,0,Androide,,2024-12-07 07:20:01,Contenido duplicado o spam,animado,https://api.holo-ai.com/animados/cid-4de9a8e6af45.webp
380,CID-C2EF5A3FD682,10.0,21.0,KAREN TORRES,Accusantium reprehenderit porro eius mollitia nam unde culpa alias explicabo.,https://api.holo-ai.com/avatars/cid-c2ef5a3fd682.png,1,NSFW,rechazado,2025-01-24 16:59:51,1,Femenino,"estrategia, combate, aventura",2025-04-02 16:59:00,Infraccion de normas comunitarias,bucle_portadas,https://api.holo-ai.com/animados/cid-c2ef5a3fd682.gif
381,CID-AE9D45D3FA27,10.0,27.0,Mónica Naranjo,Doloremque repellat at id ullam quasi quam recusandae cupiditate.,htp://api.holo-ai.com/avatars/cid-ae9d45d3fa27.png,1,NSFW,aprobado,2026-07-12 13:08:35,0,Androide,estrategia;combate;magia,,,animado,https://api.holo-ai.com/animados/cid-ae9d45d3fa27.gif
382,CID-8652DE640624,2.0,39.0,Ernesto Narváez,Nisi error quasi nemo aspernatur animi quo.,https://api.holo-ai.com/avatars/cid-8652de640624.png,1,TODO_PUBLICO,pendiente,06/07/2025 10:46,0,,"fantasia, combate, aventura, cyberpunk",2025-08-27 10:46:15,Violacion de derechos de autor,animado,https://api.holo-ai.com/animados/cid-8652de640624.webp
383,CID-44EF32B690D7,10.0,19.0,Fabio Mejía,Sit dolorem officiis nobis accusamus quod fugit.,https://api.holo-ai.com/avatars/cid-44ef32b690d7.png,1,MAYORES_18,pendiente,2025-06-02 22:27:22,0,Desconocido,"aventura, anime, ia, rpg",,,bucle_portadas,https://api.holo-ai.com/animados/cid-44ef32b690d7.gif
384,CID-CFB2D8CB34BE,4.0,40.0,Andrés Ruiz,Corrupti magnam dolore amet quasi hic ipsum nisi magnam dolore enim hic consequatur.,https://api.holo-ai.com/avatars/cid-cfb2d8cb34be.png,1,NSFW,aprobado,2024-12-12 07:38:03,N,Femenino,"anime, cyberpunk",,,estatico,
385,CID-EE1188C4481F,10.0,13.0,   Delia Sarmiento ,Id assumenda magnam quo consectetur consequatur nam laborum officiis deserunt nulla quasi doloribus.,https://api.holo-ai.com/avatars/cid-ee1188c4481f.png,1,MAYORES_13,rechazado,2024-12-03 20:25:21,0,Femenino,anime,,,animado,https://api.holo-ai.com/animados/cid-ee1188c4481f.gif
386,CID-CDB770E9EB43,6.0,41.0,Mónica Osorio,At perferendis incidunt expedita eum nisi ad esse voluptates nulla voluptatibus ipsam corporis.,https://api.holo-ai.com/avatars/cid-cdb770e9eb43.png,1,TODO_PUBLICO,rechazado,2024-11-13 01:27:36,NO,Desconocido,"ia, magia",2025-01-10 01:27:36,Infraccion de normas comunitarias,animado,https://api.holo-ai.com/animados/cid-cdb770e9eb43.webp
387,CID-7387B565D9F3,6.0,23.0,Martín Moreno,Culpa quas assumenda qui doloribus numquam corporis rerum enim exercitationem.,https://api.holo-ai.com/avatars/cid-7387b565d9f3.png,1,MAYORES_13,  pendiente  ,25/06/2026 21:45,1,Masculino,"magia, combate, fantasia",,,animado,https://api.holo-ai.com/animados/cid-7387b565d9f3.gif
388,CID-741AFD054DD0,3.0,27.0,   Martha Cardona ,Ex qui distinctio molestias quibusdam molestias.,https://api.holo-ai.com/avatars/cid-741afd054dd0.png,1,MAYORES_18,en_revision,2026-02-05 03:13:35,0,Masculino,"aventura, rpg, combate, anime",,,estatico,
389,CID-46CCF153A55A,4.0,50.0,   Miguel Hernández ,Fugiat temporibus minima ducimus animi dicta.,https://api.holo-ai.com/avatars/cid-46ccf153a55a.png,1,MAYORES_18,aprobado,2026-04-03 05:04:49,0,Masculino,fantasia,,,bucle_portadas,https://api.holo-ai.com/animados/cid-46ccf153a55a.gif
390,CID-4778F16273E6,10.0,7.0,David Martínez,Architecto optio optio totam facere autem.,https://api.holo-ai.com/avatars/cid-4778f16273e6.png,1,TODO_PUBLICO,en_revision,2025-05-24 09:23:40,0,No binario,fantasia,,,estatico,
391,CID-C4B194B3E9C4,7.0,40.0,Arturo Bernal,Voluptatem magni quae temporibus laborum nisi at dicta.,https://api.holo-ai.com/avatars/cid-c4b194b3e9c4.png,1,TODO_PUBLICO,rechazado,2025-09-29 22:21:52,0,Androide,"asistente, rpg, estrategia, magia",,,animado,https://api.holo-ai.com/animados/cid-c4b194b3e9c4.gif
392,CID-29839944F9B3,6.0,38.0,Luis Amaya,Dolorum minus ex hic culpa expedita.,https://api.holo-ai.com/avatars/cid-29839944f9b3.png,1,TODO_PUBLICO,aprobado,2025-07-09 13:01:02,0,Androide,"ia, asistente",,,bucle_portadas,
393,CID-298F743A5569,2.0,15.0,Maritza Suárez,Eius aperiam ducimus harum voluptatum voluptatibus velit veniam dolorem exercitationem hic consequatur.,https://api.holo-ai.com/avatars/cid-298f743a5569.png,1,MAYORES_13,en_revision,2026-04-29 03:00:41,0,Androide,"cyberpunk, anime",,,animado,https://api.holo-ai.com/animados/cid-298f743a5569.gif
394,CID-95A1FD3FA5ED,5.0,11.0,Nidia Salamanca,Sit placeat impedit nemo incidunt est non ipsum consectetur officiis neque placeat dicta.,https://api.holo-ai.com/avatars/cid-95a1fd3fa5ed.png,1,MAYORES_13,APROBADO,2025-01-24 11:25:56,False,Desconocido,"combate, magia",,,estatico,
395,CID-654DA95BCA72,,25.0,   Natalia Rueda ,Tenetur inventore tenetur quo omnis natus culpa architecto minus quaerat delectus saepe.,https://api.holo-ai.com/avatars/cid-654da95bca72.png,0,MAYORES_18,pendiente,2025-01-30 05:37:26,0,Desconocido,"magia, estrategia, combate, aventura",,,animado,https://api.holo-ai.com/animados/cid-654da95bca72.gif
396,CID-2EC3E06CD79A,6.0,8.0,Daniel Cabrera,Vero esse quia reprehenderit odio qui corrupti deleniti consectetur ad voluptates.,https://api.holo-ai.com/avatars/cid-2ec3e06cd79a.png,1,MAYORES_18,pendiente,2026-01-31 09:35:54,0,Femenino,cyberpunk,,,animado,https://api.holo-ai.com/animados/cid-2ec3e06cd79a.gif
397,CID-9678409DBC16,9.0,43.0,Mónica Ospina,Nisi doloremque ad aspernatur quod consequatur sapiente iusto.,https://api.holo-ai.com/avatars/cid-9678409dbc16.png,1,MAYORES_18,en_revision,25/02/2026 17:43,0,Androide,,,,animado,https://api.holo-ai.com/animados/cid-9678409dbc16.webp
398,CID-799482A2CFFD,,16.0,Katherine Melo,Labore cum dolorem illum voluptas unde veniam dolore perferendis dicta dignissimos debitis.,https://api.holo-ai.com/avatars/cid-799482a2cffd.png,1,MAYORES_18,pendiente,15/09/2025 09:45,0,Desconocido,"cyberpunk, anime",,,animado,
399,CID-B2ABBFC25FB1,5.0,45.0,Arturo Rincón,Sint suscipit incidunt quod non repudiandae quam hic vel nemo.,https://api.holo-ai.com/avatars/cid-b2abbfc25fb1.png,0,TODO_PUBLICO,pendiente,2025-11-29 15:37:02,0,No binario,"asistente, cyberpunk, aventura",,,4nim4do,https://api.holo-ai.com/animados/cid-b2abbfc25fb1.gif
400,CID-300925C3BD8B,2.0,20.0,Andrés Pardo,Maxime iste repudiandae aliquam voluptatum maxime.,https://api.holo-ai.com/avatars/cid-300925c3bd8b.png,True,NSFW,aprobado,2025-08-12 11:36:32,0,,"ia, magia",,,animado,
